<application>
  <component name="DimensionService">
    <location key="FileChooserDialogImpl.0.0.1920.1080@120dpi" x="688" y="110" />
    <location key="WELCOME_SCREEN.0.0.1920.1080@120dpi" x="959" y="287" />
    <location key="SettingsEditor.0.0.1920.1080@120dpi" x="319" y="79" />
    <location key="#com.intellij.execution.impl.EditConfigurationsDialog.0.0.1920.1080@120dpi" x="413" y="154" />
    <location key="#ajax-upload-test.0.0.1920.1080@120dpi" x="644" y="153" />
    <location key="EditParametersPopupWindow.0.0.1920.1080@120dpi" x="712" y="348" />
    <location key="com.intellij.xdebugger.impl.breakpoints.ui.BreakpointsDialogFactory$2.0.0.1920.1080@120dpi" x="413" y="187" />
    <location key="#Usage_Scope.0.0.1920.1080@120dpi" x="722" y="317" />
    <location key="#Browse_JetBrains_Plugins_.0.0.1920.1080@120dpi" x="539" y="154" />
    <size key="GridCell.Tab.0.left.0.0.1920.1080@120dpi" width="1892" height="265" />
    <size key="GridCell.Tab.0.center.0.0.1920.1080@120dpi" width="1892" height="265" />
    <size key="GridCell.Tab.0.right.0.0.1920.1080@120dpi" width="1892" height="265" />
    <size key="GridCell.Tab.0.bottom.0.0.1920.1080@120dpi" width="1892" height="265" />
    <size key="GridCell.Tab.1.left.0.0.1920.1080@120dpi" width="1892" height="265" />
    <size key="GridCell.Tab.1.center.0.0.1920.1080@120dpi" width="1892" height="265" />
    <size key="GridCell.Tab.1.right.0.0.1920.1080@120dpi" width="1892" height="265" />
    <size key="GridCell.Tab.1.bottom.0.0.1920.1080@120dpi" width="1892" height="265" />
    <size key="GridCell.Tab.2.left.0.0.1920.1080@120dpi" width="1892" height="265" />
    <size key="GridCell.Tab.2.center.0.0.1920.1080@120dpi" width="1892" height="265" />
    <size key="GridCell.Tab.2.right.0.0.1920.1080@120dpi" width="1892" height="265" />
    <size key="GridCell.Tab.2.bottom.0.0.1920.1080@120dpi" width="1892" height="265" />
    <size key="GridCell.Tab.3.left.0.0.1920.1080@120dpi" width="1892" height="260" />
    <size key="GridCell.Tab.3.center.0.0.1920.1080@120dpi" width="1892" height="260" />
    <size key="GridCell.Tab.3.right.0.0.1920.1080@120dpi" width="1892" height="260" />
    <size key="GridCell.Tab.3.bottom.0.0.1920.1080@120dpi" width="1892" height="260" />
  </component>
</application>