<application>
  <component name="DimensionService">
    <location key="FileChooserDialogImpl.0.0.1920.1080@120dpi" x="688" y="110" />
    <location key="WELCOME_SCREEN.0.0.1920.1080@120dpi" x="962" y="305" />
    <location key="SettingsEditor.0.0.1920.1080@120dpi" x="246" y="124" />
    <location key="#com.intellij.execution.impl.EditConfigurationsDialog.0.0.1920.1080@120dpi" x="413" y="154" />
    <location key="#ajax-upload-test.0.0.1920.1080@120dpi" x="644" y="153" />
    <location key="EditParametersPopupWindow.0.0.1920.1080@120dpi" x="712" y="348" />
    <location key="com.intellij.xdebugger.impl.breakpoints.ui.BreakpointsDialogFactory$2.0.0.1920.1080@120dpi" x="413" y="187" />
    <location key="#Usage_Scope.0.0.1920.1080@120dpi" x="722" y="317" />
    <location key="#Browse_JetBrains_Plugins_.0.0.1920.1080@120dpi" x="539" y="154" />
    <location key="#xdebugger.evaluate.0.0.1920.1080@120dpi" x="1094" y="491" />
    <location key="#com.intellij.ide.scriptingContext.ui.LibraryScopesDialog.0.0.1920.1080@120dpi" x="689" y="279" />
    <location key="jetbrains.nodejs.interpreters-dialog.0.0.1920.1080@120dpi" x="755" y="332" />
    <location key="#com.intellij.fileTypes.FileTypeChooser.0.0.1920.1080@120dpi" x="652" y="282" />
    <location key="#com.intellij.ide.actionMacro.EditMacrosDialog.0.0.1920.1080@120dpi" x="769" y="354" />
    <location key="#Libraries.0.0.1920.1080@120dpi" x="631" y="208" />
    <location key="Registry.0.0.1920.1080@120dpi" x="482" y="91" />
    <location key="findTextDialog.0.0.1920.1080@120dpi" x="657" y="163" />
    <location key="CommitChangelistDialog2.0.0.1920.1080@120dpi" x="358" y="40" />
    <location key="Vcs.Push.Dialog.0.0.1920.1080@120dpi" x="745" y="169" />
    <location key="EditFileWatcherDialog.0.0.1920.1080@120dpi" x="623" y="176" />
    <location key="#ESLint.0.0.1920.1080@120dpi" x="719" y="229" />
    <location key="#JSHint.0.0.1920.1080@120dpi" x="438" y="53" />
    <location key="#Inspections.0.0.1920.1080@120dpi" x="588" y="161" />
    <location key="#Notifications.0.0.1920.1080@120dpi" x="655" y="167" />
    <location key="git4idea.merge.GitMergeDialog.0.0.1920.1080@120dpi" x="710" y="252" />
    <location key="git4idea.rebase.GitRebaseDialog.0.0.1920.1080@120dpi" x="699" y="299" />
    <location key="git4idea.rebase.GitRebaseEditor.0.0.1920.1080@120dpi" x="640" y="192" />
    <location key="git4idea.merge.GitPullDialog.0.0.1920.1080@120dpi" x="622" y="247" />
    <location key="MergeDialog.0.0.1920.1080@120dpi" x="171" y="42" />
    <location key="MultipleFileMergeDialog.0.0.1920.1080@120dpi" x="588" y="185" />
    <location key="com.intellij.openapi.vcs.update.UpdateOrStatusOptionsDialogupdate.0.0.1920.1080@120dpi" x="687" y="364" />
    <location key="com.intellij.openapi.editor.actions.MultiplePasteAction$1.0.0.1920.1080@120dpi" x="751" y="33" />
    <location key="com.intellij.lang.javascript.refactoring.extractMethod.JSExtractFunctionDialog.0.0.1920.1080@120dpi" x="640" y="55" />
    <location key="#Unnamed_(1).0.0.1920.1080@120dpi" x="644" y="148" />
    <location key="#com.intellij.refactoring.safeDelete.UnsafeUsagesDialog.0.0.1920.1080@120dpi" x="623" y="193" />
    <location key="refactoring.ChangeSignatureDialog.0.0.1920.1080@120dpi" x="637" y="75" />
    <location key="Github.CreatePullRequestDialog.0.0.1920.1080@120dpi" x="804" y="342" />
    <size key="GridCell.Tab.0.left.0.0.1920.1080@120dpi" width="1885" height="291" />
    <size key="GridCell.Tab.0.center.0.0.1920.1080@120dpi" width="1885" height="291" />
    <size key="GridCell.Tab.0.right.0.0.1920.1080@120dpi" width="1885" height="291" />
    <size key="GridCell.Tab.0.bottom.0.0.1920.1080@120dpi" width="1885" height="291" />
    <size key="GridCell.Tab.1.left.0.0.1920.1080@120dpi" width="1886" height="311" />
    <size key="GridCell.Tab.1.center.0.0.1920.1080@120dpi" width="1886" height="311" />
    <size key="GridCell.Tab.1.right.0.0.1920.1080@120dpi" width="1886" height="311" />
    <size key="GridCell.Tab.1.bottom.0.0.1920.1080@120dpi" width="1886" height="311" />
    <size key="GridCell.Tab.2.left.0.0.1920.1080@120dpi" width="1886" height="311" />
    <size key="GridCell.Tab.2.center.0.0.1920.1080@120dpi" width="1886" height="311" />
    <size key="GridCell.Tab.2.right.0.0.1920.1080@120dpi" width="1886" height="311" />
    <size key="GridCell.Tab.2.bottom.0.0.1920.1080@120dpi" width="1886" height="311" />
    <size key="GridCell.Tab.3.left.0.0.1920.1080@120dpi" width="1892" height="260" />
    <size key="GridCell.Tab.3.center.0.0.1920.1080@120dpi" width="1892" height="260" />
    <size key="GridCell.Tab.3.right.0.0.1920.1080@120dpi" width="1892" height="260" />
    <size key="GridCell.Tab.3.bottom.0.0.1920.1080@120dpi" width="1892" height="260" />
    <size key="javadoc.popup.0.0.1920.1080@120dpi" width="797" height="239" />
    <size key="#com.intellij.ide.actionMacro.EditMacrosDialog.0.0.1920.1080@120dpi" width="681" height="322" />
    <size key="#ESLint.0.0.1920.1080@120dpi" width="571" height="671" />
    <size key="com.intellij.xdebugger.impl.breakpoints.ui.BreakpointsDialogFactory$2.0.0.1920.1080@120dpi" width="1094" height="816" />
    <size key="Vcs.CompareWithSelectedRevision.Popup.0.0.1920.1080@120dpi" width="302" height="541" />
  </component>
</application>