<application>
  <component name="FeatureUsageStatistics" first-run="1465412310215" have-been-shown="false" show-in-other="true" show-in-compilation="true">
    <feature id="editing.completion.camelHumps" count="6" last-shown="0" last-used="1492582911352" shown-count="0" />
    <feature id="codeassists.comment.line" count="398" last-shown="0" last-used="1492501982641" shown-count="0" />
    <feature id="codeassists.surroundwith.statement" count="0" last-shown="0" last-used="0" shown-count="0" />
    <feature id="refactoring.rename" count="84" last-shown="0" last-used="1492501955360" shown-count="0" />
    <feature id="navigation.popup.action" count="24" last-shown="0" last-used="1492149306978" shown-count="0" />
    <feature id="editing.completion.cancelByControlArrows" count="1" last-shown="0" last-used="1483632302015" shown-count="0" />
    <feature id="navigation.popup.symbol" count="5" last-shown="0" last-used="1492064537332" shown-count="0" />
    <feature id="find.recent.search" count="0" last-shown="0" last-used="0" shown-count="0" />
    <feature id="editing.completion.replace" count="25" last-shown="0" last-used="1492501069426" shown-count="0" />
    <feature id="navigation.goto.inspection" count="0" last-shown="0" last-used="0" shown-count="0" />
    <feature id="navigation.popup.camelprefix" count="2" last-shown="0" last-used="1484640473886" shown-count="0" />
    <feature id="SearchEverywhere" count="117" last-shown="0" last-used="1492500344353" shown-count="0" />
    <feature id="navigation.popup.class" count="0" last-shown="0" last-used="0" shown-count="0" />
    <feature id="navigation.popup.file" count="2" last-shown="0" last-used="1483467272360" shown-count="0" />
    <feature id="navigation.popup.wildcards" count="0" last-shown="0" last-used="0" shown-count="0" />
    <feature id="refactoring.introduceVariable" count="2" last-shown="0" last-used="1491291909512" shown-count="0" />
    <feature id="codeassists.quickdefinition" count="0" last-shown="1491379442173" last-used="0" shown-count="24" />
    <feature id="find.completion" count="0" last-shown="0" last-used="0" shown-count="0" />
    <feature id="editing.completion.basic" count="939" last-shown="0" last-used="1492586113313" shown-count="0" />
    <feature id="tag.name.completion" count="0" last-shown="0" last-used="0" shown-count="0" />
    <feature id="codeassists.surroundwith.expression" count="0" last-shown="0" last-used="0" shown-count="0" />
    <feature id="editing.select.word" count="2724" last-shown="0" last-used="1492586372316" shown-count="0" />
    <feature id="navigation.recent.files" count="0" last-shown="0" last-used="0" shown-count="0" />
    <feature id="navigation.goto.declaration" count="235" last-shown="0" last-used="1492584113783" shown-count="0" />
    <feature id="editing.completion.finishByDotEtc" count="1" last-shown="1492110157947" last-used="1484801469698" shown-count="23" />
    <feature id="codeassists.quickjavadoc.lookup" count="0" last-shown="1491379442173" last-used="0" shown-count="22" />
    <feature id="ui.scheme.quickswitch" count="0" last-shown="0" last-used="0" shown-count="0" />
    <feature id="navigation.popup.file.structure" count="0" last-shown="0" last-used="0" shown-count="0" />
    <feature id="refactoring.inlineVariable" count="0" last-shown="0" last-used="0" shown-count="0" />
    <feature id="editing.completion.finishByCtrlDot" count="2" last-shown="0" last-used="1483632289606" shown-count="0" />
    <feature id="codeassists.quickjavadoc.ctrln" count="0" last-shown="0" last-used="0" shown-count="0" />
    <feature id="navigation.select.in" count="0" last-shown="0" last-used="0" shown-count="0" />
    <feature id="navigation.goto.usages" count="0" last-shown="0" last-used="0" shown-count="0" />
    <feature id="codeassists.comment.block" count="0" last-shown="0" last-used="0" shown-count="0" />
    <feature id="codeassists.quickjavadoc" count="24" last-shown="1483477219829" last-used="1491375680173" shown-count="2" />
    <feature id="ui.recentchanges" count="0" last-shown="0" last-used="0" shown-count="0" />
    <feature id="ui.tree.speedsearch" count="7" last-shown="0" last-used="1492423022001" shown-count="0" />
    <feature id="editing.completion.changeSorting" count="0" last-shown="0" last-used="0" shown-count="0" />
    <feature id="ui.horizontal.scrolling" count="2" last-shown="0" last-used="1491143543812" shown-count="0" />
    <feature id="codeassists.quickdefinition.lookup" count="0" last-shown="0" last-used="0" shown-count="0" />
    <completionStatsTag>
      <option name="sparedCharacters" value="4726" />
      <option name="invocations" value="704" />
      <option name="startDate" value="1483563600000" />
      <option name="dayCount" value="28" />
      <option name="lastDate" value="1492549200000" />
    </completionStatsTag>
    <fixesStatsTag>
      <option name="invocations" value="67" />
      <option name="startDate" value="1483477200000" />
      <option name="dayCount" value="19" />
      <option name="lastDate" value="1492549200000" />
    </fixesStatsTag>
  </component>
</application>