<application>
  <component name="FindRecents">
    <findStrings>
      <find>resume</find>
      <find>fileStream err</find>
      <find>onProgre</find>
      <find>xhrSta</find>
      <find>res.end</find>
      <find>upload.</find>
      <find>name</find>
      <find>dependencies</find>
      <find>thread</find>
      <find>clientError</find>
      <find>ClientError</find>
      <find>error</find>
      <find>createAp</find>
      <find>connect</find>
      <find>views</find>
    </findStrings>
    <replaceStrings>
      <replace>stream</replace>
    </replaceStrings>
  </component>
</application>