<application>
  <component name="FindSettings">
    <option name="customScope" value="Project 'express-test'" />
    <option name="defaultScopeName" value="Project 'express-test'" />
    <option name="localCaseSensitive" value="true" />
    <option name="regularExpressions" value="true" />
    <option name="LOCAL_CASE_SENSITIVE_SEARCH" value="true" />
    <option name="REGULAR_EXPRESSIONS" value="true" />
    <option name="SEARCH_SCOPE" value="Project 'express-test'" />
  </component>
</application>