<application>
  <component name="PropertiesComponent">
    <property name="evlsprt3.12" value="13" />
    <property name="WebStorm.lineNumbersEnabled" value="true" />
    <property name="WebStorm.dumbRunEnabled" value="true" />
    <property name="WebStorm.initialConfigurationShown" value="true" />
    <property name="file.chooser.recent.files" value="C:/cygwin64/bin/bash.exe&#10;C:/code/mocha-test&#10;C:/code/sandbox/NodeJS/express-test&#10;C:/code/plunk&#10;C:/code/sandbox/JS/dnd&#10;C:/code/dnd&#10;C:/code/mortgage-calc&#10;C:/code/gotoanywhere-ext&#10;C:/code/vn&#10;C:/nodejs/supervisor.cmd&#10;C:/Users/Spiridonov/AppData/Roaming/npm/supervisor.cmd&#10;C:/Users/Spiridonov/AppData/Roaming/npm/supervisor&#10;C:/code/sandbox/NodeJS&#10;C:/code/sandbox/NodeJS/ajax-upload-test/index.html&#10;C:/code/sandbox/NodeJS/ajax-upload-test&#10;C:/code/sandbox/[Mail.ru] Frontend" />
    <property name="toolwindow.stripes.buttons.info.shown" value="true" />
    <property name="DeploymentNotificationsComponent.WarnDisplayed.Java7&amp;Windows7FTPIssue" value="false" />
    <property name="ExpandBeforeRunStepsPanel" value="true" />
    <property name="KEYMAP" value="tab&#10;complete&#10;expand all to&#10;expand all&#10;switch tab" />
    <property name="js.rename.search.in.comments" value="true" />
    <property name="js.rename.search.for.text.occurrences" value="false" />
    <property name="PLUGIN_FILTER" value="" />
    <property name="HbAutoCollapseBlocks" value="disabled" />
    <property name="PACKAGE_FILTER" value="connect&#10;http" />
    <property name="fileTypeChangedCounter" value="4" />
    <property name="ActionMacroConfigurationPanel.SPLITTER_PROPORTION" value="0.5" />
    <property name="HbDisableAutoGenerateCloseTag" value="enabled" />
    <property name="HbAutocompleteMustaches" value="enabled" />
    <property name="HbFormatter" value="enabled" />
    <property name="HbCommenterLanguageId" value="HTML" />
    <property name="nodejs_interpreter_path" value="c:\nodejs\node.exe" />
    <property name="Copy.OpenInEditor" value="true" />
    <property name="emmet.last.wrap.abbreviations" value="div" />
    <property name="emmet.recent.wrap.abbreviations" value="div" />
    <property name="settings.code.style.selected.tab.JavaScript" value="Tabs and Indents" />
    <property name="INSPECTION_FILTER_HISTORY" value="" />
    <property name="evlsprt3.163" value="11" />
    <property name="RegistryRecentKeys" value="js.debugger.v8.use.any.breakpoint=js.debugger.chrome.use.any.breakpoint" />
    <property name="selected.color.option.type" value="CONSOLE_ERROR_OUTPUT" />
    <property name="SplitFileEditor.Proportion" value="0.71070015" />
    <property name="markdown.do.not.ask.to.change.preview.provider" value="true" />
    <property name="LayoutCode.optimizeImports" value="false" />
    <property name="LayoutCode.rearrangeEntriesJavaScript 1.5" value="false" />
    <property name="CommitChangeListDialog.DETAILS_SPLITTER_PROPORTION_2" value="0.697733" />
    <property name="JSHintOptionsTreeView.TREE_SCROLL_BAR_HORIZONTAL" value="25" />
    <property name="JSHintOptionsTreeView.TREE_SCROLL_BAR_VERTICAL" value="0" />
    <property name="JSHintOptionsTreeView.TREE_SELECTED_NODE_ID" value="23" />
    <property name="ColorChooser.RecentColors" value="110-110-110-135,,,149-149-149-255,,,123-123-123-255,,,94-94-94-255,,,54-54-54-255,,,110-110-110-255" />
    <property name="CommittedChanges.SplitterProportions.0" value="700" />
    <property name="CommittedChanges.SplitterProportions.1" value="500" />
    <property name="disable.forced.soft.wraps.notification" value="true" />
    <property name="ProjectStructure.SecondLevelElements" value="0.17107943" />
    <property name="FileTemplates.SelectedTemplate" value="HTML File" />
    <property name="evlsprt3.171" value="13" />
    <property name="file.gist.reindex.count" value="533" />
    <property name="MochaJavaScriptTestRunnerSupport.hidePassedTests" value="false" />
    <property name="MochaJavaScriptTestRunnerSupport.hideIgnoredTests" value="true" />
    <property name="MochaJavaScriptTestRunnerSupport.scrollToSource" value="true" />
    <property name="MochaJavaScriptTestRunnerSupport.selectFirtsDefect" value="true" />
    <property name="rerun.tests.notification.shown" value="true" />
  </component>
</application>