<application>
  <component name="PropertiesComponent">
    <property name="evlsprt3.12" value="13" />
    <property name="WebStorm.lineNumbersEnabled" value="true" />
    <property name="WebStorm.dumbRunEnabled" value="true" />
    <property name="WebStorm.initialConfigurationShown" value="true" />
    <property name="file.chooser.recent.files" value="C:/code/sandbox/NodeJS&#10;C:/code/sandbox/NodeJS/ajax-upload-test/index.html&#10;C:/code/sandbox/NodeJS/ajax-upload-test&#10;C:/code/sandbox/[Mail.ru] Frontend" />
    <property name="toolwindow.stripes.buttons.info.shown" value="true" />
    <property name="DeploymentNotificationsComponent.WarnDisplayed.Java7&amp;Windows7FTPIssue" value="false" />
    <property name="ChangesViewManager.DETAILS_SPLITTER_PROPORTION" value="0.5" />
    <property name="ExpandBeforeRunStepsPanel" value="true" />
    <property name="KEYMAP" value="terminal&#10;command&#10;new file&#10;comment" />
    <property name="js.rename.search.in.comments" value="true" />
    <property name="js.rename.search.for.text.occurrences" value="false" />
    <property name="PLUGIN_FILTER" value="" />
    <property name="HbAutoCollapseBlocks" value="disabled" />
  </component>
</application>