<application>
  <component name="ProjectManager">
    <defaultProject>
      <component name="InspectionProjectProfileManager">
        <profile version="1.0">
          <option name="myName" value="Project Default" />
          <inspection_tool class="Eslint" enabled="true" level="ERROR" enabled_by_default="true" />
        </profile>
        <version value="1.0" />
      </component>
      <component name="JSHintConfiguration" version="2.9.4" use-config-file="true">
        <option asi="false" />
        <option bitwise="true" />
        <option boss="false" />
        <option browser="true" />
        <option browserify="false" />
        <option camelcase="false" />
        <option couch="false" />
        <option curly="true" />
        <option debug="false" />
        <option devel="false" />
        <option dojo="false" />
        <option elision="false" />
        <option enforceall="false" />
        <option eqeqeq="true" />
        <option eqnull="false" />
        <option es3="false" />
        <option es5="false" />
        <option esnext="false" />
        <option evil="false" />
        <option expr="false" />
        <option forin="true" />
        <option freeze="false" />
        <option funcscope="false" />
        <option futurehostile="false" />
        <option gcl="false" />
        <option globalstrict="false" />
        <option immed="false" />
        <option iterator="false" />
        <option jasmine="false" />
        <option jquery="false" />
        <option lastsemic="false" />
        <option latedef="false" />
        <option laxbreak="false" />
        <option laxcomma="false" />
        <option loopfunc="false" />
        <option maxerr="50" />
        <option mocha="false" />
        <option module="false" />
        <option mootools="false" />
        <option moz="false" />
        <option multistr="false" />
        <option newcap="false" />
        <option noarg="true" />
        <option nocomma="false" />
        <option node="false" />
        <option noempty="true" />
        <option nomen="false" />
        <option nonbsp="false" />
        <option nonew="true" />
        <option nonstandard="false" />
        <option notypeof="false" />
        <option noyield="false" />
        <option onevar="false" />
        <option passfail="false" />
        <option phantom="false" />
        <option plusplus="false" />
        <option proto="false" />
        <option prototypejs="false" />
        <option qunit="false" />
        <option quotmark="false" />
        <option rhino="false" />
        <option scripturl="false" />
        <option shadow="false" />
        <option shelljs="false" />
        <option singleGroups="false" />
        <option smarttabs="false" />
        <option strict="true" />
        <option sub="false" />
        <option supernew="false" />
        <option trailing="false" />
        <option typed="false" />
        <option undef="true" />
        <option unused="false" />
        <option validthis="false" />
        <option varstmt="false" />
        <option white="false" />
        <option withstmt="false" />
        <option worker="false" />
        <option wsh="false" />
        <option yui="false" />
      </component>
      <component name="JavaScriptLibraryMappings">
        <includedPredefinedLibrary name="ECMAScript 6" />
        <includedPredefinedLibrary name="Node.js Core" />
      </component>
      <component name="JavaScriptSettings">
        <option name="languageLevel" value="ES6" />
      </component>
      <component name="JsFlowSettings">
        <service-enabled>false</service-enabled>
        <exe-path />
        <annotation-enable>false</annotation-enable>
        <other-services-enabled>false</other-services-enabled>
      </component>
      <component name="ProjectDictionaryState">
        <dictionary name="Spiridonov" />
      </component>
      <component name="ProjectInspectionProfilesVisibleTreeState">
        <entry key="Project Default">
          <profile-state />
        </entry>
      </component>
      <component name="PropertiesComponent">
        <property name="settings.editor.selected.configurable" value="configurable.group.appearance" />
        <property name="nodejs_interpreter_path" value="c:/nodejs/node" />
        <property name="javascript.nodejs.core.library.configured.version" value="6.9.4" />
        <property name="js.eslint.eslintPackage" value="" />
        <property name="JavaScriptPreferStrict" value="false" />
        <property name="JavaScriptWeakerCompletionTypeGuess" value="true" />
        <property name="js.eslint.nodeInterpreter" value="project" />
      </component>
      <component name="masterDetails">
        <states>
          <state key="ScopeChooserConfigurable.UI">
            <settings>
              <splitter-proportions>
                <option name="proportions">
                  <list>
                    <option value="0.17107943" />
                  </list>
                </option>
              </splitter-proportions>
            </settings>
          </state>
        </states>
      </component>
    </defaultProject>
  </component>
</application>