<application>
  <component name="RecentDirectoryProjectsManager">
    <option name="recentPaths">
      <list>
        <option value="C:\code\sandbox\NodeJS\nodejs-test" />
        <option value="C:\code\sandbox\NodeJS\ajax-upload-test" />
        <option value="C:\code\sandbox\[Mail.ru] Frontend" />
      </list>
    </option>
    <option name="openPaths">
      <list>
        <option value="C:\code\sandbox\NodeJS\ajax-upload-test" />
      </list>
    </option>
    <option name="lastPath" value="C:\code\sandbox\NodeJS\nodejs-test" />
    <option name="additionalInfo">
      <map>
        <entry key="C:\code\sandbox\NodeJS\ajax-upload-test">
          <value>
            <RecentProjectMetaInfo>
              <option name="build" value="WS-145.1616" />
              <option name="productionCode" value="WS" />
              <option name="binFolder" value="C:\Program Files (x86)\JetBrains\WebStorm 2016.1.3\bin" />
              <option name="projectOpenTimestamp" value="1483455607195" />
              <option name="buildTimestamp" value="1464296400000" />
            </RecentProjectMetaInfo>
          </value>
        </entry>
        <entry key="C:\code\sandbox\NodeJS\nodejs-test">
          <value>
            <RecentProjectMetaInfo>
              <option name="build" value="WS-145.1616" />
              <option name="productionCode" value="WS" />
              <option name="binFolder" value="C:\Program Files (x86)\JetBrains\WebStorm 2016.1.3\bin" />
              <option name="projectOpenTimestamp" value="1483466511227" />
              <option name="buildTimestamp" value="1464296400000" />
            </RecentProjectMetaInfo>
          </value>
        </entry>
        <entry key="C:\code\sandbox\[Mail.ru] Frontend">
          <value>
            <RecentProjectMetaInfo>
              <option name="build" value="WS-145.1616" />
              <option name="productionCode" value="WS" />
              <option name="binFolder" value="C:\Program Files (x86)\JetBrains\WebStorm 2016.1.3\bin" />
              <option name="projectOpenTimestamp" value="1483455014630" />
              <option name="buildTimestamp" value="1464296400000" />
            </RecentProjectMetaInfo>
          </value>
        </entry>
      </map>
    </option>
    <option name="lastProjectLocation" value="C:\code\sandbox\NodeJS" />
  </component>
</application>