<application>
  <component name="RecentDirectoryProjectsManager">
    <option name="recentPaths">
      <list>
        <option value="C:\code\mortgage-calc" />
        <option value="C:\code\mocha-test" />
        <option value="C:\code\sandbox\NodeJS\express-test" />
        <option value="C:\code\sandbox\JS\dnd" />
        <option value="C:\code\plunk" />
        <option value="C:\code\dnd" />
        <option value="C:\code\gotoanywhere-ext" />
        <option value="C:\code\vn" />
        <option value="C:\code\sandbox\NodeJS\untitled3" />
        <option value="C:\code\sandbox\NodeJS\untitled2" />
        <option value="C:\code\sandbox\NodeJS\untitled1" />
        <option value="C:\code\sandbox\NodeJS\untitled" />
        <option value="C:\code\sandbox\NodeJS\nodejs-test" />
        <option value="C:\code\sandbox\NodeJS\ajax-upload-test" />
        <option value="C:\code\sandbox\[Mail.ru] Frontend" />
      </list>
    </option>
    <option name="lastPath" value="C:\code\mortgage-calc" />
    <option name="additionalInfo">
      <map>
        <entry key="C:\code\dnd">
          <value>
            <RecentProjectMetaInfo>
              <option name="build" value="WS-163.12024.17" />
              <option name="productionCode" value="WS" />
              <option name="binFolder" value="C:\Program Files (x86)\JetBrains\WebStorm 2016.3.2\bin" />
              <option name="projectOpenTimestamp" value="1492016328884" />
              <option name="buildTimestamp" value="1485870699513" />
            </RecentProjectMetaInfo>
          </value>
        </entry>
        <entry key="C:\code\gotoanywhere-ext">
          <value>
            <RecentProjectMetaInfo>
              <option name="build" value="WS-163.9166.30" />
              <option name="productionCode" value="WS" />
              <option name="binFolder" value="C:\Program Files (x86)\JetBrains\WebStorm 2016.3.2\bin" />
              <option name="projectOpenTimestamp" value="1490853531504" />
              <option name="buildTimestamp" value="1481541789679" />
            </RecentProjectMetaInfo>
          </value>
        </entry>
        <entry key="C:\code\mocha-test">
          <value>
            <RecentProjectMetaInfo>
              <option name="build" value="WS-171.4073.40" />
              <option name="productionCode" value="WS" />
              <option name="binFolder" value="C:\Program Files\JetBrains\WebStorm 2017.1.1\bin" />
              <option name="projectOpenTimestamp" value="1492585538736" />
              <option name="buildTimestamp" value="1491925224600" />
            </RecentProjectMetaInfo>
          </value>
        </entry>
        <entry key="C:\code\mortgage-calc">
          <value>
            <RecentProjectMetaInfo>
              <option name="build" value="WS-171.4073.40" />
              <option name="productionCode" value="WS" />
              <option name="binFolder" value="C:\Program Files\JetBrains\WebStorm 2017.1.1\bin" />
              <option name="projectOpenTimestamp" value="1492587153876" />
              <option name="buildTimestamp" value="1491925214626" />
            </RecentProjectMetaInfo>
          </value>
        </entry>
        <entry key="C:\code\plunk">
          <value>
            <RecentProjectMetaInfo>
              <option name="build" value="WS-163.12024.17" />
              <option name="productionCode" value="WS" />
              <option name="binFolder" value="C:\Program Files (x86)\JetBrains\WebStorm 2016.3.2\bin" />
              <option name="projectOpenTimestamp" value="1492320187913" />
              <option name="buildTimestamp" value="1485870660426" />
            </RecentProjectMetaInfo>
          </value>
        </entry>
        <entry key="C:\code\sandbox\JS\dnd">
          <value>
            <RecentProjectMetaInfo>
              <option name="build" value="WS-163.12024.17" />
              <option name="productionCode" value="WS" />
              <option name="binFolder" value="C:\Program Files (x86)\JetBrains\WebStorm 2016.3.2\bin" />
              <option name="projectOpenTimestamp" value="1492411689941" />
              <option name="buildTimestamp" value="1485870661101" />
            </RecentProjectMetaInfo>
          </value>
        </entry>
        <entry key="C:\code\sandbox\NodeJS\ajax-upload-test">
          <value>
            <RecentProjectMetaInfo>
              <option name="build" value="WS-145.1616" />
              <option name="productionCode" value="WS" />
              <option name="binFolder" value="C:\Program Files (x86)\JetBrains\WebStorm 2016.1.3\bin" />
              <option name="projectOpenTimestamp" value="1483455607195" />
              <option name="buildTimestamp" value="1464296400000" />
            </RecentProjectMetaInfo>
          </value>
        </entry>
        <entry key="C:\code\sandbox\NodeJS\express-test">
          <value>
            <RecentProjectMetaInfo>
              <option name="build" value="WS-163.12024.17" />
              <option name="productionCode" value="WS" />
              <option name="binFolder" value="C:\Program Files (x86)\JetBrains\WebStorm 2016.3.2\bin" />
              <option name="projectOpenTimestamp" value="1492491683781" />
              <option name="buildTimestamp" value="1485870661101" />
            </RecentProjectMetaInfo>
          </value>
        </entry>
        <entry key="C:\code\sandbox\NodeJS\nodejs-test">
          <value>
            <RecentProjectMetaInfo>
              <option name="build" value="WS-145.1616" />
              <option name="productionCode" value="WS" />
              <option name="binFolder" value="C:\Program Files (x86)\JetBrains\WebStorm 2016.1.3\bin" />
              <option name="projectOpenTimestamp" value="1483521133212" />
              <option name="buildTimestamp" value="1464296400000" />
            </RecentProjectMetaInfo>
          </value>
        </entry>
        <entry key="C:\code\sandbox\NodeJS\untitled">
          <value>
            <RecentProjectMetaInfo>
              <option name="build" value="WS-145.1616" />
              <option name="productionCode" value="WS" />
              <option name="binFolder" value="C:\Program Files (x86)\JetBrains\WebStorm 2016.1.3\bin" />
              <option name="projectOpenTimestamp" value="1483618902593" />
              <option name="buildTimestamp" value="1464296400000" />
            </RecentProjectMetaInfo>
          </value>
        </entry>
        <entry key="C:\code\sandbox\NodeJS\untitled1">
          <value>
            <RecentProjectMetaInfo>
              <option name="build" value="WS-145.1616" />
              <option name="productionCode" value="WS" />
              <option name="binFolder" value="C:\Program Files (x86)\JetBrains\WebStorm 2016.1.3\bin" />
              <option name="projectOpenTimestamp" value="1483618941375" />
              <option name="buildTimestamp" value="1464296400000" />
            </RecentProjectMetaInfo>
          </value>
        </entry>
        <entry key="C:\code\sandbox\NodeJS\untitled2">
          <value>
            <RecentProjectMetaInfo>
              <option name="build" value="WS-145.1616" />
              <option name="productionCode" value="WS" />
              <option name="binFolder" value="C:\Program Files (x86)\JetBrains\WebStorm 2016.1.3\bin" />
              <option name="projectOpenTimestamp" value="1483618975358" />
              <option name="buildTimestamp" value="1464296400000" />
            </RecentProjectMetaInfo>
          </value>
        </entry>
        <entry key="C:\code\sandbox\NodeJS\untitled3">
          <value>
            <RecentProjectMetaInfo>
              <option name="build" value="WS-145.1616" />
              <option name="productionCode" value="WS" />
              <option name="binFolder" value="C:\Program Files (x86)\JetBrains\WebStorm 2016.1.3\bin" />
              <option name="projectOpenTimestamp" value="1483619162904" />
              <option name="buildTimestamp" value="1464296400000" />
            </RecentProjectMetaInfo>
          </value>
        </entry>
        <entry key="C:\code\sandbox\[Mail.ru] Frontend">
          <value>
            <RecentProjectMetaInfo>
              <option name="build" value="WS-145.1616" />
              <option name="productionCode" value="WS" />
              <option name="binFolder" value="C:\Program Files (x86)\JetBrains\WebStorm 2016.1.3\bin" />
              <option name="projectOpenTimestamp" value="1483455014630" />
              <option name="buildTimestamp" value="1464296400000" />
            </RecentProjectMetaInfo>
          </value>
        </entry>
        <entry key="C:\code\vn">
          <value>
            <RecentProjectMetaInfo>
              <option name="build" value="WS-163.9166.30" />
              <option name="productionCode" value="WS" />
              <option name="binFolder" value="C:\Program Files (x86)\JetBrains\WebStorm 2016.3.2\bin" />
              <option name="projectOpenTimestamp" value="1484385503357" />
              <option name="buildTimestamp" value="1481541784943" />
            </RecentProjectMetaInfo>
          </value>
        </entry>
      </map>
    </option>
    <option name="lastProjectLocation" value="C:\code\sandbox\NodeJS" />
  </component>
</application>