<application>
  <component name="StatisticsApplicationUsages">
    <group name="run-configuration-type-temp">
      <project id="express-test" values="NodeJSConfigurationType" collectionTime="1483634736934" />
    </group>
    <group name="Git">
      <project id="untitled3" values="config.warn.about.detached.enabled,config.push.autoupdate.disabled,config.save.policy.STASH,config.force.push.enabled,config.push.update.all.roots.enabled,config.repo.sync.NOT_DECIDED,config.cherry-pick.autocommit.disabled,config.update.type.BRANCH_DEFAULT,config.warn.about.crlf.enabled,config.ssh.enabled" collectionTime="1483619317475" />
      <project id="untitled2" values="config.warn.about.crlf.enabled,config.save.policy.STASH,config.ssh.enabled,config.warn.about.detached.enabled,config.repo.sync.NOT_DECIDED,config.cherry-pick.autocommit.disabled,config.force.push.enabled,config.push.update.all.roots.enabled,config.update.type.BRANCH_DEFAULT,config.push.autoupdate.disabled" collectionTime="1483619139011" />
      <project id="untitled1" values="config.force.push.enabled,config.push.update.all.roots.enabled,config.update.type.BRANCH_DEFAULT,config.push.autoupdate.disabled,config.save.policy.STASH,config.repo.sync.NOT_DECIDED,config.warn.about.detached.enabled,config.cherry-pick.autocommit.disabled,config.warn.about.crlf.enabled,config.ssh.enabled" collectionTime="1483618963371" />
      <project id="[Mail.ru] Frontend" values="config.warn.about.crlf.enabled,config.save.policy.STASH,data.remote.branches.count.1,data.remotes.in.project.1,config.force.push.enabled,config.repo.sync.NOT_DECIDED,config.cherry-pick.autocommit.disabled,config.push.update.all.roots.enabled,config.push.autoupdate.disabled,data.local.branches.count.1,config.update.type.BRANCH_DEFAULT,config.ssh.enabled,config.warn.about.detached.enabled" collectionTime="1483455045741" />
      <project id="ajax-upload-test" values="config.ssh.enabled,config.warn.about.crlf.enabled,config.repo.sync.NOT_DECIDED,config.force.push.enabled,config.push.autoupdate.disabled,config.warn.about.detached.enabled,config.push.update.all.roots.enabled,config.save.policy.STASH,config.cherry-pick.autocommit.disabled,config.update.type.BRANCH_DEFAULT" collectionTime="1483456675082" />
      <project id="nodejs-test" values="data.local.branches.count.1,data.remotes.in.project.1,config.repo.sync.NOT_DECIDED,config.force.push.enabled,config.cherry-pick.autocommit.disabled,config.push.update.all.roots.enabled,config.warn.about.crlf.enabled,config.update.type.BRANCH_DEFAULT,config.save.policy.STASH,config.push.autoupdate.disabled,config.warn.about.detached.enabled,config.ssh.enabled,data.remote.branches.count.1" collectionTime="1483604412273" />
      <project id="untitled" values="config.push.update.all.roots.enabled,config.ssh.enabled,config.save.policy.STASH,config.repo.sync.NOT_DECIDED,config.update.type.BRANCH_DEFAULT,config.warn.about.detached.enabled,config.force.push.enabled,config.cherry-pick.autocommit.disabled,config.warn.about.crlf.enabled,config.push.autoupdate.disabled" collectionTime="1483618905343" />
      <project id="express-test" values="config.repo.sync.NOT_DECIDED,config.ssh.enabled,config.warn.about.detached.enabled,config.cherry-pick.autocommit.disabled,config.push.update.all.roots.enabled,config.warn.about.crlf.enabled,config.save.policy.STASH,config.push.autoupdate.disabled,config.force.push.enabled,config.update.type.BRANCH_DEFAULT" collectionTime="1483634736963" />
    </group>
    <group name="vcs">
      <project id="nodejs-test" values="Git" collectionTime="1483604412227" />
      <project id="[Mail.ru] Frontend" values="Git" collectionTime="1483455045648" />
    </group>
    <group name="JavaScript versions">
      <project id="untitled3" values="ECMAScript 5.1" collectionTime="1483619317475" />
      <project id="untitled2" values="ECMAScript 5.1" collectionTime="1483619139013" />
      <project id="untitled1" values="ECMAScript 5.1" collectionTime="1483618963372" />
      <project id="[Mail.ru] Frontend" values="ECMAScript 5.1" collectionTime="1483455046260" />
      <project id="ajax-upload-test" values="ECMAScript 5.1" collectionTime="1483456675089" />
      <project id="nodejs-test" values="ECMAScript 5.1" collectionTime="1483604412696" />
      <project id="untitled" values="ECMAScript 5.1" collectionTime="1483618905716" />
      <project id="express-test" values="ECMAScript 5.1" collectionTime="1483634737211" />
    </group>
    <group name="run-configuration-type">
      <project id="untitled3" values="NodeJSConfigurationType" collectionTime="1483619317463" />
      <project id="untitled2" values="NodeJSConfigurationType" collectionTime="1483619138999" />
      <project id="express-test" values="NodeJSConfigurationType" collectionTime="1483634736934" />
      <project id="ajax-upload-test" values="NodeJSConfigurationType,JavascriptDebugType" collectionTime="1483456675063" />
      <project id="nodejs-test" values="NodeJSConfigurationType" collectionTime="1483604412231" />
    </group>
    <group name="JSDebugConfig">
      <project id="ajax-upload-test" values="browser-default.preferredBrowser-null.no_mappings" collectionTime="1483456675091" />
    </group>
    <group name="file-type">
      <project id="untitled3" values="PATCH,EJS,Markdown,JSHint,HTML,JSON,UNKNOWN,CSS,JavaScript,PLAIN_TEXT,Images,YAML" collectionTime="1483619317475" />
      <project id="untitled2" values="JSCS,PLAIN_TEXT,YAML,JSHint,EJS,JavaScript,CSS,CoffeeScript,Markdown,JSON,HTML" collectionTime="1483619139010" />
      <project id="[Mail.ru] Frontend" values="CSS,HTML,JSON,YAML,UNKNOWN,XML,ARCHIVE,JavaScript,PLAIN_TEXT" collectionTime="1483455045719" />
      <project id="ajax-upload-test" values="JavaScript,HTML,YAML,JSON,CSS,UNKNOWN,PLAIN_TEXT" collectionTime="1483456675080" />
      <project id="nodejs-test" values="HTML,JSON,PLAIN_TEXT,JavaScript" collectionTime="1483604412252" />
      <project id="express-test" values="Less,SourceMap,JSON,JavaScript,PLAIN_TEXT,XML,Markdown,YAML,UNKNOWN,EJS,CSS,JSHint,JSCS" collectionTime="1483634736953" />
    </group>
    <group name="module type">
      <project id="untitled3" values="WEB_MODULE" collectionTime="1483619317463" />
      <project id="untitled2" values="WEB_MODULE" collectionTime="1483619138998" />
      <project id="untitled1" values="WEB_MODULE" collectionTime="1483618963354" />
      <project id="[Mail.ru] Frontend" values="WEB_MODULE" collectionTime="1483455045650" />
      <project id="ajax-upload-test" values="WEB_MODULE" collectionTime="1483456675063" />
      <project id="nodejs-test" values="WEB_MODULE" collectionTime="1483604412229" />
      <project id="untitled" values="WEB_MODULE" collectionTime="1483618905309" />
      <project id="express-test" values="WEB_MODULE" collectionTime="1483634736934" />
    </group>
    <group name="javaScript Frameworks">
      <project id="express-test" values="node_modules" collectionTime="1483634737211" />
      <project id="[Mail.ru] Frontend" values="node_modules" collectionTime="1483455046259" />
    </group>
    <group name="javaScript Scope Usages">
      <project id="untitled3" values="Project,Project,Project,Project,Project" collectionTime="1483619317475" />
      <project id="untitled2" values="Project,Project,Project,Project" collectionTime="1483619139013" />
      <project id="untitled1" values="Project,Project" collectionTime="1483618963372" />
      <project id="[Mail.ru] Frontend" values="Directory,Project,Project" collectionTime="1483455046260" />
      <project id="ajax-upload-test" values="Project,Project" collectionTime="1483456675089" />
      <project id="nodejs-test" values="Directory,Directory,Directory,Project,Project" collectionTime="1483604412695" />
      <project id="untitled" values="Project,Project" collectionTime="1483618905716" />
      <project id="express-test" values="Project,Project,Project,Project" collectionTime="1483634737211" />
    </group>
  </component>
  <component name="UsageTrigger">
    <counts>
      <entry feature="AbstractNewProjectStep.Empty Project" count="2" />
      <entry feature="AbstractNewProjectStep.Node.js Express App" count="4" />
      <entry feature="CreateFile.CreateFileAction" count="82" />
      <entry feature="JSDebugConfig.Debug.browser-default.preferredBrowser-null.no_mappings" count="88" />
      <entry feature="JSDebugConfig.Run.browser-default.preferredBrowser-null.no_mappings" count="232" />
      <entry feature="OpenInBrowser.Chrome" count="7" />
      <entry feature="StripeButton[Version Control].hidden" count="1" />
      <entry feature="StripeButton[Version Control].shown" count="7" />
      <entry feature="execute.JavascriptDebugType.Debug" count="88" />
      <entry feature="execute.JavascriptDebugType.Run" count="232" />
      <entry feature="execute.NodeJSConfigurationType.Debug" count="239" />
      <entry feature="execute.NodeJSConfigurationType.Run" count="568" />
      <entry feature="execute.mocha-javascript-test-runner.Run" count="7" />
      <entry feature="ide.help.ideaInterface.changes" count="1" />
      <entry feature="ide.help.ideaInterface.editor" count="2" />
      <entry feature="ide.help.settings.javascript.linters.eslint" count="1" />
      <entry feature="ide.settings.Appearance" count="3" />
      <entry feature="ide.settings.Code_Style" count="2" />
      <entry feature="ide.settings.Console_Font" count="1" />
      <entry feature="ide.settings.Directories" count="1" />
      <entry feature="ide.settings.ESLint" count="14" />
      <entry feature="ide.settings.File_and_Code_Templates" count="1" />
      <entry feature="ide.settings.Font" count="1" />
      <entry feature="ide.settings.General" count="1" />
      <entry feature="ide.settings.HTML" count="1" />
      <entry feature="ide.settings.Inspections" count="2" />
      <entry feature="ide.settings.JSHint" count="15" />
      <entry feature="ide.settings.JavaScript" count="18" />
      <entry feature="ide.settings.Keymap" count="17" />
      <entry feature="ide.settings.Libraries" count="34" />
      <entry feature="ide.settings.Path_Variables" count="2" />
      <entry feature="ide.settings.Terminal" count="2" />
      <entry feature="ide.settings.Usage_Scope" count="6" />
      <entry feature="ide.settings.Version_Control" count="2" />
      <entry feature="idea.caches.invalidated" count="5" />
      <entry feature="ideaapp.started" count="35" />
      <entry feature="json.schema.builtin.completion" count="308" />
      <entry feature="terminal.win" count="19" />
      <entry feature="welcome.screen.WelcomeScreen.OpenDirectoryProject" count="11" />
      <entry feature="welcome.screen.null" count="3" />
    </counts>
  </component>
</application>