<application>
  <component name="StatisticsApplicationUsages">
    <group name="Git">
      <project id="ajax-upload-test" values="config.repo.sync.NOT_DECIDED,config.warn.about.detached.enabled,config.force.push.enabled,config.warn.about.crlf.enabled,config.push.autoupdate.disabled,config.ssh.enabled,config.save.policy.STASH,config.update.type.BRANCH_DEFAULT,config.cherry-pick.autocommit.disabled,config.push.update.all.roots.enabled" collectionTime="1483456675082" />
      <project id="[Mail.ru] Frontend" values="config.repo.sync.NOT_DECIDED,config.warn.about.crlf.enabled,config.update.type.BRANCH_DEFAULT,config.push.autoupdate.disabled,config.ssh.enabled,config.cherry-pick.autocommit.disabled,data.remotes.in.project.1,config.save.policy.STASH,config.force.push.enabled,config.push.update.all.roots.enabled,data.remote.branches.count.1,config.warn.about.detached.enabled,data.local.branches.count.1" collectionTime="1483455045741" />
    </group>
    <group name="JavaScript versions">
      <project id="ajax-upload-test" values="ECMAScript 5.1" collectionTime="1483456675089" />
      <project id="[Mail.ru] Frontend" values="ECMAScript 5.1" collectionTime="1483455046260" />
    </group>
    <group name="vcs">
      <project id="[Mail.ru] Frontend" values="Git" collectionTime="1483455045648" />
    </group>
    <group name="JSDebugConfig">
      <project id="ajax-upload-test" values="browser-default.preferredBrowser-null.no_mappings" collectionTime="1483456675091" />
    </group>
    <group name="run-configuration-type">
      <project id="ajax-upload-test" values="JavascriptDebugType,NodeJSConfigurationType" collectionTime="1483456675063" />
    </group>
    <group name="file-type">
      <project id="ajax-upload-test" values="JSON,JavaScript,UNKNOWN,PLAIN_TEXT,YAML,CSS,HTML" collectionTime="1483456675080" />
      <project id="[Mail.ru] Frontend" values="UNKNOWN,JSON,JavaScript,YAML,CSS,ARCHIVE,XML,PLAIN_TEXT,HTML" collectionTime="1483455045719" />
    </group>
    <group name="module type">
      <project id="ajax-upload-test" values="WEB_MODULE" collectionTime="1483456675063" />
      <project id="[Mail.ru] Frontend" values="WEB_MODULE" collectionTime="1483455045650" />
    </group>
    <group name="javaScript Frameworks">
      <project id="[Mail.ru] Frontend" values="node_modules" collectionTime="1483455046259" />
    </group>
    <group name="javaScript Scope Usages">
      <project id="ajax-upload-test" values="Project,Project" collectionTime="1483456675089" />
      <project id="[Mail.ru] Frontend" values="Project,Directory,Project" collectionTime="1483455046260" />
    </group>
  </component>
  <component name="UsageTrigger">
    <counts>
      <entry feature="AbstractNewProjectStep.Empty Project" count="1" />
      <entry feature="CreateFile.CreateFileAction" count="7" />
      <entry feature="JSDebugConfig.Debug.browser-default.preferredBrowser-null.no_mappings" count="20" />
      <entry feature="execute.JavascriptDebugType.Debug" count="20" />
      <entry feature="execute.NodeJSConfigurationType.Debug" count="37" />
      <entry feature="execute.NodeJSConfigurationType.Run" count="14" />
      <entry feature="ide.settings.Appearance" count="1" />
      <entry feature="ide.settings.General" count="1" />
      <entry feature="ide.settings.Keymap" count="4" />
      <entry feature="ide.settings.Usage_Scope" count="1" />
      <entry feature="ide.settings.Version_Control" count="1" />
      <entry feature="ideaapp.started" count="4" />
      <entry feature="terminal.win" count="2" />
      <entry feature="welcome.screen.WelcomeScreen.OpenDirectoryProject" count="1" />
      <entry feature="welcome.screen.null" count="2" />
    </counts>
  </component>
</application>