<application>
  <component name="FileBasedIndex">
    <option name="registeredIndices">
      <list>
        <option value="jade.mixin" />
        <option value="Stylus.mixins" />
        <option value="Stylus.variables" />
        <option value="Scss.mixin" />
        <option value="Scss.function" />
        <option value="Scss.placeholder.selector" />
        <option value="Scss.variable" />
        <option value="Less.variables" />
        <option value="Less.mixins" />
        <option value="amd.requirePaths.index" />
        <option value="amd.baseUrl.index" />
        <option value="js.symbol.qualified.names.index" />
        <option value="JS.subclass.stub.index" />
        <option value="js.namespace.index" />
        <option value="js.class.index2" />
        <option value="JS.base.types.index" />
        <option value="js.generics.index" />
        <option value="js.typedef.index2" />
        <option value="js.symbol.index2" />
        <option value="JS.class.implements" />
        <option value="JS.class.super" />
        <option value="ts.external.module.index" />
        <option value="js.element.qualifiedName" />
        <option value="js.qualified.shortName" />
        <option value="Css.custom.property" />
        <option value="Css.attr" />
        <option value="Css.id" />
        <option value="Css.class" />
        <option value="dom.elementClass" />
        <option value="dom.namespaceKey" />
        <option value="angularjs.symbol.index" />
        <option value="angularjs.delimiter.index" />
        <option value="angularjs.directives.doc.index" />
        <option value="angularjs.ui.router.states.index" />
        <option value="angularjs.filter.index" />
        <option value="angularjs.module.index" />
        <option value="angularjs.controller.index" />
        <option value="angularjs.directives.index" />
      </list>
    </option>
  </component>
</application>