<application>
  <component name="WindowStateApplicationService">
    <state x="91" y="91" width="1732" height="848" key="#com.intellij.execution.junit2.states.ComparisonFailureState$DiffDialog" />
    <state x="91" y="91" width="1732" height="848" key="#com.intellij.execution.junit2.states.ComparisonFailureState$DiffDialog/0.0.1920.1080" />
    <state x="91" y="91" width="1732" height="848" key="#com.intellij.execution.junit2.states.ComparisonFailureState$DiffDialog/0.0.1920.1080@0.0.1920.1080" />
    <state x="91" y="91" width="1738" height="848" key="DiffContextDialog" />
    <state x="91" y="91" width="1738" height="848" key="DiffContextDialog/0.0.1920.1080" />
    <state x="91" y="91" width="1738" height="848" key="DiffContextDialog/0.0.1920.1080@0.0.1920.1080" />
    <state x="217" y="243" width="1429" height="615" key="dock-window-1" />
    <state x="217" y="243" width="1429" height="615" key="dock-window-1/0.0.1920.1080" />
    <state x="217" y="243" width="1429" height="615" key="dock-window-1/0.0.1920.1080@0.0.1920.1080" />
  </component>
</application>