<keymap version="1" name="RS" parent="$default">
  <action id="$Redo">
    <keyboard-shortcut first-keystroke="shift ctrl z" />
    <keyboard-shortcut first-keystroke="shift alt back_space" />
    <keyboard-shortcut first-keystroke="ctrl y" />
  </action>
  <action id="ActivateTerminalToolWindow">
    <keyboard-shortcut first-keystroke="alt f12" />
    <keyboard-shortcut first-keystroke="alt 3" />
  </action>
  <action id="Back">
    <keyboard-shortcut first-keystroke="ctrl alt left" />
    <mouse-shortcut keystroke="button4" />
    <keyboard-shortcut first-keystroke="alt left" />
  </action>
  <action id="Diff.FocusOppositePaneAndScroll" />
  <action id="Editor Redo">
    <keyboard-shortcut first-keystroke="ctrl y" />
  </action>
  <action id="EditorChooseLookupItemCompleteStatement" />
  <action id="EditorDeleteLine" />
  <action id="ExpandAllToLevel">
    <keyboard-shortcut first-keystroke="shift ctrl alt equals" />
  </action>
  <action id="Forward">
    <keyboard-shortcut first-keystroke="ctrl alt right" />
    <mouse-shortcut keystroke="button5" />
    <keyboard-shortcut first-keystroke="alt right" />
  </action>
  <action id="Graph.ZoomIn">
    <keyboard-shortcut first-keystroke="add" />
    <keyboard-shortcut first-keystroke="equals" />
    <mouse-shortcut keystroke="control button143" />
  </action>
  <action id="Graph.ZoomOut">
    <keyboard-shortcut first-keystroke="subtract" />
    <keyboard-shortcut first-keystroke="minus" />
    <mouse-shortcut keystroke="control button142" />
  </action>
  <action id="Macro.Auto-Indent All">
    <keyboard-shortcut first-keystroke="shift ctrl h" />
  </action>
  <action id="Macro.Wrap into tag">
    <keyboard-shortcut first-keystroke="shift alt w" />
  </action>
  <action id="MethodHierarchy" />
  <action id="NextTab" />
  <action id="PreviousTab">
    <keyboard-shortcut first-keystroke="shift ctrl tab" />
  </action>
  <action id="Resume">
    <keyboard-shortcut first-keystroke="f9" />
    <keyboard-shortcut first-keystroke="f8" />
  </action>
  <action id="ShowBookmarks" />
  <action id="StepInto">
    <keyboard-shortcut first-keystroke="f7" />
    <keyboard-shortcut first-keystroke="f11" />
  </action>
  <action id="StepOut">
    <keyboard-shortcut first-keystroke="shift f8" />
    <keyboard-shortcut first-keystroke="shift f11" />
  </action>
  <action id="StepOver">
    <keyboard-shortcut first-keystroke="f10" />
  </action>
  <action id="SwitchApply">
    <keyboard-shortcut first-keystroke="shift alt enter" />
  </action>
  <action id="SwitchDown">
    <keyboard-shortcut first-keystroke="shift alt down" />
  </action>
  <action id="SwitchLeft">
    <keyboard-shortcut first-keystroke="shift alt left" />
  </action>
  <action id="SwitchRight">
    <keyboard-shortcut first-keystroke="shift alt right" />
  </action>
  <action id="SwitchUp">
    <keyboard-shortcut first-keystroke="shift alt up" />
  </action>
  <action id="Switcher">
    <keyboard-shortcut first-keystroke="ctrl tab" />
  </action>
  <action id="ToggleBookmark" />
  <action id="tasks.close" />
</keymap>