<application>
  <component name="LocalDatabaseDriverManager" version="141+">
    <driver id="h2.unified" name="H2" dialect="H2">
      <option name="auto-sync" value="true" />
    </driver>
    <driver id="oracle" name="Oracle" dialect="Oracle">
      <option name="auto-sync" value="false" />
      <option name="auto-commit" value="false" />
    </driver>
    <driver id="derby.embedded" name="Derby (Embedded)" dialect="Derby">
      <option name="auto-sync" value="true" />
    </driver>
    <driver id="sybase.jtds" name="Sybase (jTds)" dialect="Sybase">
      <option name="auto-sync" value="false" />
    </driver>
    <driver id="sqlserver.jtds" name="SQL Server (jTds)" dialect="TSQL">
      <option name="auto-sync" value="false" />
    </driver>
    <driver id="hsqldb.local" name="HSQLDB (Local)" dialect="HSQLDB">
      <option name="auto-sync" value="true" />
    </driver>
    <driver id="derby.remote" name="Derby (Remote)" dialect="Derby">
      <option name="auto-sync" value="true" />
    </driver>
    <driver id="sqlite.xerial" name="Sqlite (Xerial)" dialect="SQLite">
      <option name="auto-sync" value="true" />
      <library>
        <url>file://$APPLICATION_CONFIG_DIR$/jdbc-drivers/xerial-sqlite-license.txt</url>
      </library>
      <library>
        <url>file://$APPLICATION_CONFIG_DIR$/jdbc-drivers/sqlite-jdbc-3.8.11.2.jar</url>
      </library>
    </driver>
    <driver id="sybase.ase" name="Sybase (Native)" dialect="Sybase">
      <option name="auto-sync" value="false" />
    </driver>
    <driver id="postgresql" name="PostgreSQL" dialect="PostgreSQL">
      <option name="auto-sync" value="true" />
    </driver>
    <driver id="db2" name="DB2 (LUW)" dialect="DB2">
      <option name="auto-sync" value="false" />
      <property name="retrieveMessagesFromServerOnGetMessage" value="true" />
    </driver>
    <driver id="sqlserver.ms" name="SQL Server (Microsoft)" dialect="TSQL">
      <option name="auto-sync" value="false" />
    </driver>
    <driver id="db2.jtopen" name="DB2 (JTOpen)" dialect="DB2">
      <option name="auto-sync" value="false" />
      <property name="prompt" value="false" />
    </driver>
    <driver id="mysql" name="MySQL" dialect="MySQL">
      <option name="auto-sync" value="true" />
      <property name="autoReconnect" value="true" />
      <property name="zeroDateTimeBehavior" value="convertToNull" />
      <property name="tinyInt1isBit" value="false" />
      <property name="characterEncoding" value="utf8" />
      <property name="characterSetResults" value="utf8" />
      <property name="yearIsDateType" value="false" />
    </driver>
    <driver id="hsqldb.remote" name="HSQLDB (Remote)" dialect="HSQLDB">
      <option name="auto-sync" value="true" />
    </driver>
  </component>
</application>