<application>
  <component name="DimensionService">
    <location key="FileChooserDialogImpl.0.0.1920.1080@120dpi" x="689" y="128" />
    <location key="WELCOME_SCREEN.0.0.1920.1080@120dpi" x="959" y="287" />
    <location key="com.intellij.ide.util.TipDialog.0.0.1920.1080@120dpi" x="1257" y="327" />
    <location key="SettingsEditor.0.0.1920.1080@120dpi" x="322" y="118" />
    <location key="ProcessPopupWindow.0.0.1920.1080@120dpi" x="1439" y="688" />
    <location key="#Inspections.0.0.1920.1080@120dpi" x="589" y="162" />
    <location key="#com.intellij.tools.ToolEditorDialog.0.0.1920.1080@120dpi" x="490" y="230" />
    <location key="#com.intellij.execution.impl.EditConfigurationsDialog.0.0.1920.1080@120dpi" x="413" y="154" />
    <location key="#com.intellij.ide.actionMacro.EditMacrosDialog.0.0.1920.1080@120dpi" x="731" y="354" />
    <location key="#com.intellij.fileTypes.FileTypeChooser.0.0.1920.1080@120dpi" x="1162" y="288" />
    <location key="CommitChangelistDialog2.0.0.1920.1080@120dpi" x="0" y="84" />
    <location key="VCS.ChangelistChooser.0.0.1920.1080@120dpi" x="774" y="321" />
    <location key="Vcs.Push.Dialog.0.0.1920.1080@120dpi" x="649" y="170" />
    <location key="com.intellij.openapi.vcs.update.UpdateOrStatusOptionsDialogupdate.0.0.1920.1080@120dpi" x="664" y="368" />
    <location key="git4idea.merge.GitPullDialog.0.0.1920.1080@120dpi" x="644" y="250" />
    <location key="#com.intellij.refactoring.safeDelete.UnsafeUsagesDialog.0.0.1920.1080@120dpi" x="627" y="193" />
    <location key="#xdebugger.evaluate.0.0.1920.1080@120dpi" x="949" y="507" />
    <location key="#Intentions.0.0.1920.1080@120dpi" x="448" y="81" />
    <location key="#Code_Folding.0.0.1920.1080@120dpi" x="806" y="234" />
    <location key="git4idea.rebase.GitRebaseDialog.0.0.1920.1080@120dpi" x="732" y="302" />
    <location key="#jirautils.0.0.1920.1080@120dpi" x="622" y="14" />
    <location key="#com.intellij.structuralsearch.plugin.ui.SearchDialog.0.0.1920.1080@120dpi" x="575" y="199" />
    <location key="jetbrains.javascript.buildTools.run-task-popup.0.0.1920.1080@120dpi" x="793" y="323" />
    <location key="findTextDialog.0.0.1920.1080@120dpi" x="710" y="182" />
    <location key="#Browse_JetBrains_Plugins_.0.0.1920.1080@120dpi" x="541" y="193" />
    <size key="ProcessPopupWindow.0.0.1920.1080@120dpi" width="389" height="224" />
    <size key="GridCell.Tab.0.left.0.0.1920.1080@120dpi" width="1860" height="310" />
    <size key="GridCell.Tab.0.center.0.0.1920.1080@120dpi" width="1860" height="310" />
    <size key="GridCell.Tab.0.right.0.0.1920.1080@120dpi" width="1860" height="310" />
    <size key="GridCell.Tab.0.bottom.0.0.1920.1080@120dpi" width="1860" height="310" />
    <size key="GridCell.Tab.1.left.0.0.1920.1080@120dpi" width="1860" height="310" />
    <size key="GridCell.Tab.1.center.0.0.1920.1080@120dpi" width="1860" height="310" />
    <size key="GridCell.Tab.1.right.0.0.1920.1080@120dpi" width="1860" height="310" />
    <size key="GridCell.Tab.1.bottom.0.0.1920.1080@120dpi" width="1860" height="310" />
    <size key="javadoc.popup.0.0.1920.1080@120dpi" width="755" height="363" />
    <size key="Vcs.Push.Dialog.0.0.1920.1080@120dpi" width="1015" height="690" />
    <size key="CommitChangelistDialog2.0.0.1920.1080@120dpi" width="2065" height="861" />
    <size key="jetbrains.javascript.buildTools.run-task-popup.0.0.1920.1080@120dpi" width="314" height="335" />
    <size key="GridCell.Tab.2.left.0.0.1920.1080@120dpi" width="1860" height="310" />
    <size key="GridCell.Tab.2.center.0.0.1920.1080@120dpi" width="1860" height="310" />
    <size key="GridCell.Tab.2.right.0.0.1920.1080@120dpi" width="1860" height="310" />
    <size key="GridCell.Tab.2.bottom.0.0.1920.1080@120dpi" width="1860" height="310" />
  </component>
</application>