<application>
  <component name="FeatureUsageStatistics" first-run="1459923225528" have-been-shown="false" show-in-other="true" show-in-compilation="true">
    <feature id="editing.completion.camelHumps" count="6" last-shown="0" last-used="1464809831239" shown-count="0" />
    <feature id="codeassists.comment.line" count="368" last-shown="0" last-used="1465026260180" shown-count="0" />
    <feature id="codeassists.surroundwith.statement" count="0" last-shown="0" last-used="0" shown-count="0" />
    <feature id="refactoring.rename" count="43" last-shown="0" last-used="1464723504048" shown-count="0" />
    <feature id="navigation.popup.action" count="6" last-shown="0" last-used="1461093680387" shown-count="0" />
    <feature id="editing.completion.cancelByControlArrows" count="2" last-shown="0" last-used="1464439904322" shown-count="0" />
    <feature id="navigation.popup.symbol" count="31" last-shown="0" last-used="1477746241780" shown-count="0" />
    <feature id="find.recent.search" count="0" last-shown="0" last-used="0" shown-count="0" />
    <feature id="editing.completion.replace" count="2" last-shown="0" last-used="1477746571378" shown-count="0" />
    <feature id="navigation.goto.inspection" count="0" last-shown="0" last-used="0" shown-count="0" />
    <feature id="navigation.popup.camelprefix" count="41" last-shown="0" last-used="1464768543922" shown-count="0" />
    <feature id="SearchEverywhere" count="10" last-shown="0" last-used="1464720472646" shown-count="0" />
    <feature id="navigation.popup.class" count="54" last-shown="0" last-used="1477746251417" shown-count="0" />
    <feature id="navigation.popup.file" count="281" last-shown="0" last-used="1477746231905" shown-count="0" />
    <feature id="navigation.popup.wildcards" count="0" last-shown="0" last-used="0" shown-count="0" />
    <feature id="refactoring.introduceVariable" count="0" last-shown="0" last-used="0" shown-count="0" />
    <feature id="codeassists.quickdefinition" count="2" last-shown="1477746572652" last-used="1460748601339" shown-count="54" />
    <feature id="find.completion" count="0" last-shown="0" last-used="0" shown-count="0" />
    <feature id="editing.completion.basic" count="1008" last-shown="0" last-used="1477746572223" shown-count="0" />
    <feature id="tag.name.completion" count="0" last-shown="0" last-used="0" shown-count="0" />
    <feature id="editing.select.word" count="1239" last-shown="0" last-used="1477746464498" shown-count="0" />
    <feature id="navigation.recent.files" count="0" last-shown="0" last-used="0" shown-count="0" />
    <feature id="navigation.goto.declaration" count="151" last-shown="0" last-used="1464848901931" shown-count="0" />
    <feature id="editing.completion.finishByDotEtc" count="1" last-shown="1477746572651" last-used="1463899669979" shown-count="49" />
    <feature id="codeassists.quickjavadoc.lookup" count="2" last-shown="1464441278294" last-used="1460820598463" shown-count="50" />
    <feature id="ui.scheme.quickswitch" count="0" last-shown="0" last-used="0" shown-count="0" />
    <feature id="navigation.popup.file.structure" count="0" last-shown="0" last-used="0" shown-count="0" />
    <feature id="editing.completion.finishByCtrlDot" count="4" last-shown="0" last-used="1463899210940" shown-count="0" />
    <feature id="codeassists.quickjavadoc.ctrln" count="0" last-shown="0" last-used="0" shown-count="0" />
    <feature id="navigation.select.in" count="0" last-shown="0" last-used="0" shown-count="0" />
    <feature id="navigation.goto.usages" count="0" last-shown="0" last-used="0" shown-count="0" />
    <feature id="codeassists.quickjavadoc" count="193" last-shown="1477746572652" last-used="1464447489873" shown-count="2" />
    <feature id="ui.recentchanges" count="0" last-shown="0" last-used="0" shown-count="0" />
    <feature id="ui.tree.speedsearch" count="4" last-shown="0" last-used="1464721196935" shown-count="0" />
    <feature id="editing.completion.changeSorting" count="0" last-shown="0" last-used="0" shown-count="0" />
    <feature id="ui.horizontal.scrolling" count="1" last-shown="0" last-used="1464414524792" shown-count="0" />
    <feature id="codeassists.quickdefinition.lookup" count="0" last-shown="1460820588642" last-used="0" shown-count="3" />
    <completionStatsTag>
      <option name="sparedCharacters" value="5352" />
      <option name="invocations" value="780" />
      <option name="startDate" value="1460667600000" />
      <option name="dayCount" value="30" />
      <option name="lastDate" value="1464901200000" />
    </completionStatsTag>
    <fixesStatsTag>
      <option name="invocations" value="39" />
      <option name="startDate" value="1459890000000" />
      <option name="dayCount" value="16" />
      <option name="lastDate" value="1464728400000" />
    </fixesStatsTag>
  </component>
</application>