<application>
  <component name="FindRecents">
    <findStrings>
      <find>get_absolute</find>
      <find>invites</find>
      <find>invitation.</find>
      <find>in</find>
      <find>player</find>
      <find>results</find>
      <find>validators</find>
      <find>validato</find>
      <find>_vali</find>
      <find>_validators</find>
      <find>redirect</find>
      <find>clean</find>
      <find>next</find>
      <find>DoesNo</find>
      <find>like</find>
      <find>rating</find>
      <find>add</find>
      <find>add_cl</find>
      <find>add_</find>
      <find>add_class</find>
      <find>invite</find>
      <find>PermissionError</find>
      <find>instance</find>
      <find>HttpResponseRedirect</find>
      <find>article</find>
      <find>url</find>
      <find>static</find>
      <find>User</find>
      <find>context_</find>
      <find>ToStr</find>
    </findStrings>
  </component>
</application>