<application>
  <component name="ProjectJdkTable">
    <jdk version="2">
      <name value="Python 3.5.1 (C:\Anaconda3\python.exe)" />
      <type value="Python SDK" />
      <version value="Python 3.5.1" />
      <homePath value="C:\Anaconda3\python.exe" />
      <roots>
        <classPath>
          <root type="composite">
            <root type="simple" url="file://C:/Anaconda3/DLLs" />
            <root type="simple" url="file://C:/Anaconda3/Lib" />
            <root type="simple" url="file://C:/Anaconda3" />
            <root type="simple" url="file://C:/Anaconda3/Lib/site-packages" />
            <root type="simple" url="file://C:/Anaconda3/Lib/site-packages/Sphinx-1.3.5-py3.5.egg" />
            <root type="simple" url="file://C:/Anaconda3/Lib/site-packages/win32" />
            <root type="simple" url="file://C:/Anaconda3/Lib/site-packages/win32/lib" />
            <root type="simple" url="file://C:/Anaconda3/Lib/site-packages/pythonwin" />
            <root type="simple" url="jar://C:/Anaconda3/Lib/site-packages/setuptools-20.3-py3.5.egg!/" />
            <root type="simple" url="file://$USER_HOME$/.PyCharm50/system/python_stubs/1013586911" />
            <root type="simple" url="file://$APPLICATION_HOME_DIR$/helpers/python-skeletons" />
          </root>
        </classPath>
        <sourcePath>
          <root type="composite" />
        </sourcePath>
      </roots>
      <additional />
    </jdk>
    <jdk version="2">
      <name value="Python 3.4.4 (C:\Anaconda3\envs\py34\python.exe)" />
      <type value="Python SDK" />
      <version value="Python 3.4.4" />
      <homePath value="C:\Anaconda3\envs\py34\python.exe" />
      <roots>
        <classPath>
          <root type="composite">
            <root type="simple" url="file://C:/Anaconda3/envs/py34/DLLs" />
            <root type="simple" url="file://C:/Anaconda3/envs/py34/Lib" />
            <root type="simple" url="file://C:/Anaconda3/envs/py34" />
            <root type="simple" url="file://C:/Anaconda3/envs/py34/Lib/site-packages" />
            <root type="simple" url="jar://C:/Anaconda3/envs/py34/Lib/site-packages/setuptools-20.7.0-py3.4.egg!/" />
            <root type="simple" url="file://$USER_HOME$/.PyCharm50/system/python_stubs/32723771" />
            <root type="simple" url="file://$APPLICATION_HOME_DIR$/helpers/python-skeletons" />
          </root>
        </classPath>
        <sourcePath>
          <root type="composite" />
        </sourcePath>
      </roots>
      <additional />
    </jdk>
    <jdk version="2">
      <name value="Python 3.4.4 (C:\Anaconda3\envs\py3k_jira\python.exe)" />
      <type value="Python SDK" />
      <version value="Python 3.4.4" />
      <homePath value="C:\Anaconda3\envs\py3k_jira\python.exe" />
      <roots>
        <classPath>
          <root type="composite">
            <root type="simple" url="file://C:/Anaconda3/envs/py3k_jira/DLLs" />
            <root type="simple" url="file://C:/Anaconda3/envs/py3k_jira/Lib" />
            <root type="simple" url="file://C:/Anaconda3/envs/py3k_jira" />
            <root type="simple" url="file://C:/Anaconda3/envs/py3k_jira/Lib/site-packages" />
            <root type="simple" url="jar://C:/Anaconda3/envs/py3k_jira/Lib/site-packages/setuptools-20.7.0-py3.4.egg!/" />
            <root type="simple" url="file://$USER_HOME$/.PyCharm50/system/python_stubs/-1757298003" />
            <root type="simple" url="file://$APPLICATION_HOME_DIR$/helpers/python-skeletons" />
          </root>
        </classPath>
        <sourcePath>
          <root type="composite" />
        </sourcePath>
      </roots>
      <additional />
    </jdk>
    <jdk version="2">
      <name value="Python 2.7.11 (C:\Anaconda3\envs\py27k_jira\python.exe)" />
      <type value="Python SDK" />
      <version value="Python 2.7.11" />
      <homePath value="C:\Anaconda3\envs\py27k_jira\python.exe" />
      <roots>
        <classPath>
          <root type="composite">
            <root type="simple" url="file://C:/Anaconda3/envs/py27k_jira/DLLs" />
            <root type="simple" url="file://C:/Anaconda3/envs/py27k_jira/Lib" />
            <root type="simple" url="file://C:/Anaconda3/envs/py27k_jira/Lib/lib-tk" />
            <root type="simple" url="file://C:/Anaconda3/envs/py27k_jira" />
            <root type="simple" url="file://C:/Anaconda3/envs/py27k_jira/Lib/site-packages" />
            <root type="simple" url="jar://C:/Anaconda3/envs/py27k_jira/Lib/site-packages/setuptools-20.7.0-py2.7.egg!/" />
            <root type="simple" url="file://$USER_HOME$/.PyCharm50/system/python_stubs/1592061589" />
            <root type="simple" url="file://$APPLICATION_HOME_DIR$/helpers/python-skeletons" />
          </root>
        </classPath>
        <sourcePath>
          <root type="composite" />
        </sourcePath>
      </roots>
      <additional ASSOCIATED_PROJECT_PATH="C:/code/work/jira-related-trash" />
    </jdk>
    <jdk version="2">
      <name value="Python 3.4.4 (C:\Anaconda3\envs\news_portal\python.exe)" />
      <type value="Python SDK" />
      <version value="Python 3.4.4" />
      <homePath value="C:\Anaconda3\envs\news_portal\python.exe" />
      <roots>
        <classPath>
          <root type="composite">
            <root type="simple" url="file://C:/Anaconda3/envs/news_portal/DLLs" />
            <root type="simple" url="file://C:/Anaconda3/envs/news_portal/Lib" />
            <root type="simple" url="file://C:/Anaconda3/envs/news_portal" />
            <root type="simple" url="file://C:/Anaconda3/envs/news_portal/Lib/site-packages" />
            <root type="simple" url="jar://C:/Anaconda3/envs/news_portal/Lib/site-packages/setuptools-20.7.0-py3.4.egg!/" />
            <root type="simple" url="file://$USER_HOME$/.PyCharm50/system/python_stubs/1466753057" />
            <root type="simple" url="file://$APPLICATION_HOME_DIR$/helpers/python-skeletons" />
          </root>
        </classPath>
        <sourcePath>
          <root type="composite" />
        </sourcePath>
      </roots>
      <additional />
    </jdk>
  </component>
</application>