<application>
  <component name="ApplicationLocal" sharedSettingsMigrated="true">
    <DocumentSettings trimTrailingBlanks="false" showHtmlPreview="false" verbatimLangInjections="true" htmlLangInjections="true" syntaxHighlighting="1" softWraps="0" debugFormatText="false" debugCombinationColors="false" showEmojiInGutter="false" />
    <LicenseInformation licenseType="" showLicenseExpiration="true" showLicenseExpired="true" showFeatureUpdates="false">
      <licenseCode />
      <activationCode />
    </LicenseInformation>
    <Notifications showFeatureUpdates="true" />
    <FailedInBuild scratchFileServiceFailed="" fxPreviewFailedBuild="" lightParserFailedBuild="" />
    <WasShown licensedAvailable="true" lastFeatureUpdateVersion="1.7.0" javaFxAvailable="false" jekyllFrontMatter="false" />
  </component>
</application>