<application>
  <component name="ApplicationShared">
    <PreviewSettings splitEditorLayout="FIRST" splitEditorPreview="PREVIEW" useGrayscaleRendering="false" zoomFactor="1.25" maxImageWidth="0" showPreviewTab="yes" showModifiedHtmlTab="false" showUnmodifiedHtmlTab="false" showGitHubPageIfSynced="false" allowBrowsingInPreview="false" synchronizeScrollPosition="false">
      <PanelProvider>
        <provider providerId="com.vladsch.idea.multimarkdown.editor.javafx.html.panel" providerName="JavaFX WebView" />
      </PanelProvider>
    </PreviewSettings>
    <ParserSettings parsingTimeout="2000">
      <PegdownExtensions>
        <option name="ABBREVIATIONS" value="false" />
        <option name="ANCHORLINKS" value="true" />
        <option name="ATXHEADERSPACE" value="false" />
        <option name="AUTOLINKS" value="true" />
        <option name="DEFINITIONS" value="true" />
        <option name="FENCED_CODE_BLOCKS" value="true" />
        <option name="FOOTNOTES" value="false" />
        <option name="FORCELISTITEMPARA" value="false" />
        <option name="HARDWRAPS" value="true" />
        <option name="QUOTES" value="false" />
        <option name="RELAXEDHRULES" value="true" />
        <option name="SMARTS" value="false" />
        <option name="STRIKETHROUGH" value="true" />
        <option name="SUPPRESS_HTML_BLOCKS" value="false" />
        <option name="SUPPRESS_INLINE_HTML" value="false" />
        <option name="TABLES" value="true" />
        <option name="TASKLISTITEMS" value="true" />
        <option name="TOC" value="false" />
        <option name="TRACE_PARSER" value="false" />
        <option name="WIKILINKS" value="true" />
      </PegdownExtensions>
      <ParserOptions>
        <option name="EMOJI_SHORTCUTS" value="false" />
        <option name="GITBOOK_URL_ENCODING" value="false" />
        <option name="GITHUB_EMOJI_URL" value="false" />
        <option name="GITHUB_WIKI_LINKS" value="true" />
        <option name="JEKYLL_FRONT_MATTER" value="false" />
      </ParserOptions>
    </ParserSettings>
    <HtmlSettings headerTopEnabled="false" headerBottomEnabled="false" bodyTopEnabled="false" bodyBottomEnabled="false" embedUrlContent="false">
      <GeneratorProvider>
        <provider providerId="com.vladsch.idea.multimarkdown.editor.javafx.html.generator" providerName="JavaFx HTML Generator" />
      </GeneratorProvider>
      <headerTop />
      <headerBottom />
      <bodyTop />
      <bodyBottom />
    </HtmlSettings>
    <CssSettings previewScheme="UI_SCHEME" cssUri="" isCssUriEnabled="false" isCssTextEnabled="false" isDynamicPageWidth="true">
      <StylesheetProvider>
        <provider providerId="com.vladsch.idea.multimarkdown.editor.javafx.html.css" providerName="Default JavaFx Stylesheet" />
      </StylesheetProvider>
      <ScriptProviders />
      <cssText />
    </CssSettings>
  </component>
</application>