<application>
  <component name="PropertiesComponent">
    <property name="evlsprt3.5" value="14" />
    <property name="DefaultHtmlDoctype.MigrateToHtml5" value="true" />
    <property name="DefaultHtmlDoctype.Refreshed" value="2" />
    <property name="PyCharm.InitialConfiguration" value="true" />
    <property name="PyCharm.InitialConfiguration.V2" value="true" />
    <property name="PyCharm.InitialConfiguration.V3" value="true" />
    <property name="PyCharm.InitialConfiguration.V4" value="true" />
    <property name="PyCharm.InitialConfiguration.V5" value="true" />
    <property name="fileTypeChangedCounter" value="4" />
    <property name="PyCharm.initialConfigurationShown" value="true" />
    <property name="file.chooser.recent.files" value="C:/Anaconda3/envs/news_portal/python.exe&#10;C:/Program Files/Sublime Text 3/sublime_text.exe&#10;C:/code/sandbox/[Mail.ru] Web Applications/news_portal&#10;C:/code/sandbox/Coding the matrix/l03_matrix/geometry_lab.py&#10;C:/code/sandbox/[Mail.ru] Web Applications/jirautils&#10;C:/code/work/jira-related-trash&#10;C:/code/sandbox/anaconda/Coding the matrix/l04_basis&#10;C:/code/sandbox/anaconda/Coding the matrix&#10;C:/code/sandbox/anaconda/Coding the matrix/mat&#10;C:/Anaconda3/envs/py34/python.exe&#10;C:/Anaconda3/envs/py34&#10;C:/code/sandbox/anaconda/[pluralsight] Python Beyond the Basics&#10;C:/code/sandbox/anaconda/Coding the matrix/02 - vectors&#10;C:/emacs/bin/emacs.exe&#10;C:/code/sandbox/anaconda/[pluralsight] Python fundamentals&#10;C:/code/sandbox/anaconda/Coding the matrix/01 - fields&#10;C:/code/sandbox/anaconda/[pluralsight] Python fundamentals/09-classes/airtravel.py" />
    <property name="toolwindow.stripes.buttons.info.shown" value="true" />
    <property name="DeploymentNotificationsComponent.WarnDisplayed.Java7&amp;Windows7FTPIssue" value="false" />
    <property name="lastTip" value="1" />
    <property name="ChangesViewManager.DETAILS_SPLITTER_PROPORTION" value="0.5" />
    <property name="settings.code.style.selected.tab.Python" value="Wrapping and Braces" />
    <property name="LAST_INJECTED_LANGUAGE" value="Python" />
    <property name="ShowDocumentationInToolWindow" value="false" />
    <property name="FileTemplates.SelectedTemplate" value="HTML File" />
    <property name="selected.color.option.type" value="SOFT_WRAP_SIGN_COLOR" />
    <property name="PLUGIN_FILTER" value="js" />
    <property name="PACKAGE_FILTER" value="pyquery&#10;pyq&#10;pyque" />
    <property name="ExpandBeforeRunStepsPanel" value="true" />
    <property name="ActionMacroConfigurationPanel.SPLITTER_PROPORTION" value="0.5" />
    <property name="KEYMAP" value="termi&#10;evaluate&#10;redo&#10;terminal&#10;Find Tool" />
    <property name="OpenOrAttachDialog.OpenMode" value="new" />
    <property name="CommitChangeListDialog.DETAILS_SPLITTER_PROPORTION_2" value="0.6859972" />
    <property name="CommitChangeListDialog.DETAILS_SHOW_OPTION_" value="true" />
    <property name="Copy.OpenInEditor" value="true" />
    <property name="ColorChooser.RecentColors" value="202-175-172-255,,,202-198-184-255,,,202-202-189-255,,,248-148-151-255" />
  </component>
</application>