<application>
  <component name="RecentDirectoryProjectsManager">
    <option name="recentPaths">
      <list>
        <option value="C:\code\sandbox\[Mail.ru] Web Applications\news_portal" />
        <option value="C:\code\sandbox\[Mail.ru] Web Applications\jirautils" />
        <option value="C:\code\sandbox\Coding the matrix" />
        <option value="C:\code\sandbox\anaconda\Coding the matrix" />
        <option value="C:\code\sandbox\jirautils" />
        <option value="C:\code\work\jira-related-trash" />
        <option value="C:\code\sandbox\anaconda\Coding the matrix\l04_basis" />
        <option value="C:\code\sandbox\anaconda\Coding the matrix\mat" />
        <option value="C:\code\sandbox\anaconda\[pluralsight] Python Beyond the Basics" />
        <option value="C:\code\sandbox\anaconda\Coding the matrix\02 - vectors" />
        <option value="C:\code\temp\TestPyQuery" />
        <option value="C:\code\sandbox\anaconda\[pluralsight] Python fundamentals" />
        <option value="C:\code\sandbox\anaconda\Coding the matrix\01 - fields" />
        <option value="C:\Users\Spiridonov\AppData\Local\Temp\The_Function_problems.py0.tmp" />
        <option value="C:\code\sandbox\anaconda\[pluralsight] Python fundamentals\09-classes" />
      </list>
    </option>
    <option name="openPaths">
      <list>
        <option value="C:\code\sandbox\[Mail.ru] Web Applications\news_portal" />
      </list>
    </option>
    <option name="lastPath" value="C:\code\sandbox\[Mail.ru] Web Applications\news_portal" />
    <option name="additionalInfo">
      <map>
        <entry key="C:\Users\Spiridonov\AppData\Local\Temp\The_Function_problems.py0.tmp">
          <value>
            <RecentProjectMetaInfo>
              <option name="build" value="PY-143.595" />
              <option name="productionCode" value="PY" />
              <option name="binFolder" value="C:\Program Files (x86)\JetBrains\PyCharm 5.0.1\bin" />
              <option name="projectOpenTimestamp" value="1460614849709" />
              <option name="buildTimestamp" value="1447102800000" />
            </RecentProjectMetaInfo>
          </value>
        </entry>
        <entry key="C:\code\sandbox\Coding the matrix">
          <value>
            <RecentProjectMetaInfo>
              <option name="build" value="PY-143.595" />
              <option name="productionCode" value="PY" />
              <option name="binFolder" value="C:\Program Files (x86)\JetBrains\PyCharm 5.0.1\bin" />
              <option name="projectOpenTimestamp" value="1463251909137" />
              <option name="buildTimestamp" value="1447102800000" />
            </RecentProjectMetaInfo>
          </value>
        </entry>
        <entry key="C:\code\sandbox\[Mail.ru] Web Applications\jirautils">
          <value>
            <RecentProjectMetaInfo>
              <option name="build" value="PY-143.595" />
              <option name="productionCode" value="PY" />
              <option name="binFolder" value="C:\Program Files (x86)\JetBrains\PyCharm 5.0.1\bin" />
              <option name="projectOpenTimestamp" value="1463383900271" />
              <option name="buildTimestamp" value="1447102800000" />
            </RecentProjectMetaInfo>
          </value>
        </entry>
        <entry key="C:\code\sandbox\[Mail.ru] Web Applications\news_portal">
          <value>
            <RecentProjectMetaInfo>
              <option name="build" value="PY-143.2370" />
              <option name="productionCode" value="PY" />
              <option name="binFolder" value="C:\Program Files (x86)\JetBrains\PyCharm 5.0.5\bin" />
              <option name="projectOpenTimestamp" value="1483470934412" />
              <option name="buildTimestamp" value="1461963600000" />
            </RecentProjectMetaInfo>
          </value>
        </entry>
        <entry key="C:\code\sandbox\anaconda\Coding the matrix">
          <value>
            <RecentProjectMetaInfo>
              <option name="build" value="PY-143.595" />
              <option name="productionCode" value="PY" />
              <option name="binFolder" value="C:\Program Files (x86)\JetBrains\PyCharm 5.0.1\bin" />
              <option name="projectOpenTimestamp" value="1463121378208" />
              <option name="buildTimestamp" value="1447102800000" />
            </RecentProjectMetaInfo>
          </value>
        </entry>
        <entry key="C:\code\sandbox\anaconda\Coding the matrix\01 - fields">
          <value>
            <RecentProjectMetaInfo>
              <option name="build" value="PY-143.595" />
              <option name="productionCode" value="PY" />
              <option name="binFolder" value="C:\Program Files (x86)\JetBrains\PyCharm 5.0.1\bin" />
              <option name="projectOpenTimestamp" value="1460742789984" />
              <option name="buildTimestamp" value="1447102800000" />
            </RecentProjectMetaInfo>
          </value>
        </entry>
        <entry key="C:\code\sandbox\anaconda\Coding the matrix\02 - vectors">
          <value>
            <RecentProjectMetaInfo>
              <option name="build" value="PY-143.595" />
              <option name="productionCode" value="PY" />
              <option name="binFolder" value="C:\Program Files (x86)\JetBrains\PyCharm 5.0.1\bin" />
              <option name="projectOpenTimestamp" value="1460816804540" />
              <option name="buildTimestamp" value="1447102800000" />
            </RecentProjectMetaInfo>
          </value>
        </entry>
        <entry key="C:\code\sandbox\anaconda\Coding the matrix\l04_basis">
          <value>
            <RecentProjectMetaInfo>
              <option name="build" value="PY-143.595" />
              <option name="productionCode" value="PY" />
              <option name="binFolder" value="C:\Program Files (x86)\JetBrains\PyCharm 5.0.1\bin" />
              <option name="projectOpenTimestamp" value="1461738242051" />
              <option name="buildTimestamp" value="1447102800000" />
            </RecentProjectMetaInfo>
          </value>
        </entry>
        <entry key="C:\code\sandbox\anaconda\Coding the matrix\mat">
          <value>
            <RecentProjectMetaInfo>
              <option name="build" value="PY-143.595" />
              <option name="productionCode" value="PY" />
              <option name="binFolder" value="C:\Program Files (x86)\JetBrains\PyCharm 5.0.1\bin" />
              <option name="projectOpenTimestamp" value="1461129560727" />
              <option name="buildTimestamp" value="1447102800000" />
            </RecentProjectMetaInfo>
          </value>
        </entry>
        <entry key="C:\code\sandbox\anaconda\[pluralsight] Python Beyond the Basics">
          <value>
            <RecentProjectMetaInfo>
              <option name="build" value="PY-143.595" />
              <option name="productionCode" value="PY" />
              <option name="binFolder" value="C:\Program Files (x86)\JetBrains\PyCharm 5.0.1\bin" />
              <option name="projectOpenTimestamp" value="1460818699998" />
              <option name="buildTimestamp" value="1447102800000" />
            </RecentProjectMetaInfo>
          </value>
        </entry>
        <entry key="C:\code\sandbox\anaconda\[pluralsight] Python fundamentals">
          <value>
            <RecentProjectMetaInfo>
              <option name="build" value="PY-143.595" />
              <option name="productionCode" value="PY" />
              <option name="binFolder" value="C:\Program Files (x86)\JetBrains\PyCharm 5.0.1\bin" />
              <option name="projectOpenTimestamp" value="1460792346278" />
              <option name="buildTimestamp" value="1447102800000" />
            </RecentProjectMetaInfo>
          </value>
        </entry>
        <entry key="C:\code\sandbox\anaconda\[pluralsight] Python fundamentals\09-classes">
          <value>
            <RecentProjectMetaInfo>
              <option name="build" value="PY-143.595" />
              <option name="productionCode" value="PY" />
              <option name="binFolder" value="C:\Program Files (x86)\JetBrains\PyCharm 5.0.1\bin" />
              <option name="projectOpenTimestamp" value="1459928056532" />
              <option name="buildTimestamp" value="1447102800000" />
            </RecentProjectMetaInfo>
          </value>
        </entry>
        <entry key="C:\code\sandbox\jirautils">
          <value>
            <RecentProjectMetaInfo>
              <option name="build" value="PY-143.595" />
              <option name="productionCode" value="PY" />
              <option name="binFolder" value="C:\Program Files (x86)\JetBrains\PyCharm 5.0.1\bin" />
              <option name="projectOpenTimestamp" value="1463119689074" />
              <option name="buildTimestamp" value="1447102800000" />
            </RecentProjectMetaInfo>
          </value>
        </entry>
        <entry key="C:\code\temp\TestPyQuery">
          <value>
            <RecentProjectMetaInfo>
              <option name="build" value="PY-143.595" />
              <option name="productionCode" value="PY" />
              <option name="binFolder" value="C:\Program Files (x86)\JetBrains\PyCharm 5.0.1\bin" />
              <option name="projectOpenTimestamp" value="1460816167300" />
              <option name="buildTimestamp" value="1447102800000" />
            </RecentProjectMetaInfo>
          </value>
        </entry>
        <entry key="C:\code\work\jira-related-trash">
          <value>
            <RecentProjectMetaInfo>
              <option name="build" value="PY-143.595" />
              <option name="productionCode" value="PY" />
              <option name="binFolder" value="C:\Program Files (x86)\JetBrains\PyCharm 5.0.1\bin" />
              <option name="projectOpenTimestamp" value="1463033632129" />
              <option name="buildTimestamp" value="1447102800000" />
            </RecentProjectMetaInfo>
          </value>
        </entry>
      </map>
    </option>
    <option name="lastProjectLocation" value="C:\code\sandbox" />
  </component>
</application>