<application>
  <component name="StatisticsApplicationUsages">
    <group name="JavaScript versions">
      <project id="[pluralsight] Python fundamentals" values="ECMAScript 5.1" collectionTime="1460792464045" />
      <project id="[pluralsight] Python Beyond the Basics" values="ECMAScript 5.1" collectionTime="1460959213432" />
      <project id="jira-related-trash" values="ECMAScript 5.1" collectionTime="1463033825345" />
      <project id="jirautils" values="ECMAScript 5.1" collectionTime="1463675897763" />
      <project id="mat" values="ECMAScript 5.1" collectionTime="1461130891709" />
      <project id="09-classes" values="ECMAScript 5.1" collectionTime="1459931540473" />
      <project id="news_portal" values="ECMAScript 5.1" collectionTime="1483471089870" />
      <project id="01 - fields" values="ECMAScript 5.1" collectionTime="1460743097126" />
      <project id="l04_basis" values="ECMAScript 5.1" collectionTime="1461739129583" />
      <project id="TestPyQuery" values="ECMAScript 5.1" collectionTime="1460816396575" />
      <project id="Coding the matrix" values="ECMAScript 5.1" collectionTime="1463295331952" />
    </group>
    <group name="module type">
      <project id="[pluralsight] Python fundamentals" values="PYTHON_MODULE" collectionTime="1460792463231" />
      <project id="[pluralsight] Python Beyond the Basics" values="PYTHON_MODULE" collectionTime="1460959213270" />
      <project id="jira-related-trash" values="PYTHON_MODULE" collectionTime="1463033824674" />
      <project id="jirautils" values="PYTHON_MODULE" collectionTime="1463675880563" />
      <project id="mat" values="PYTHON_MODULE" collectionTime="1461130891628" />
      <project id="09-classes" values="PYTHON_MODULE" collectionTime="1459931540157" />
      <project id="news_portal" values="PYTHON_MODULE" collectionTime="1483471088864" />
      <project id="01 - fields" values="PYTHON_MODULE" collectionTime="1460743096585" />
      <project id="l04_basis" values="PYTHON_MODULE" collectionTime="1461739128974" />
      <project id="TestPyQuery" values="PYTHON_MODULE" collectionTime="1460816396072" />
      <project id="Coding the matrix" values="PYTHON_MODULE" collectionTime="1463295330529" />
    </group>
    <group name="vcs">
      <project id="Coding the matrix" values="Git" collectionTime="1463295330523" />
      <project id="news_portal" values="Git" collectionTime="1483471088863" />
      <project id="jirautils" values="Git" collectionTime="1463675880563" />
      <project id="[pluralsight] Python Beyond the Basics" values="Git" collectionTime="1460959213269" />
      <project id="jira-related-trash" values="Git" collectionTime="1463033824672" />
    </group>
    <group name="run-configuration-type">
      <project id="news_portal" values="Python.DjangoServer" collectionTime="1483471088866" />
      <project id="jirautils" values="Python.DjangoServer" collectionTime="1463675881224" />
    </group>
    <group name="run-configuration-type-temp">
      <project id="Coding the matrix" values="PythonConfigurationType" collectionTime="1463295330535" />
      <project id="[pluralsight] Python fundamentals" values="PythonConfigurationType" collectionTime="1460792463233" />
      <project id="TestPyQuery" values="PythonConfigurationType" collectionTime="1460816396074" />
    </group>
    <group name="file-type">
      <project id="[pluralsight] Python fundamentals" values="PLAIN_TEXT,IPNB,Images,Python,UNKNOWN,XML" collectionTime="1460792463481" />
      <project id="[pluralsight] Python Beyond the Basics" values="IPNB,UNKNOWN,XML,PLAIN_TEXT,Python" collectionTime="1460959213428" />
      <project id="jira-related-trash" values="Python,CSS,XML,PLAIN_TEXT,UNKNOWN" collectionTime="1463033824832" />
      <project id="jirautils" values="DATASOURCE_STORAGE,Python,XML,YAML,PLAIN_TEXT,HTML,Images,SQLite Database,UNKNOWN" collectionTime="1463675887202" />
      <project id="mat" values="Images,Python,XML,UNKNOWN,PLAIN_TEXT" collectionTime="1461130891697" />
      <project id="09-classes" values="Python,UNKNOWN,XML,PLAIN_TEXT" collectionTime="1459931540421" />
      <project id="news_portal" values="UNKNOWN,PLAIN_TEXT,Python,JSON,JavaScript,YAML,HTML,XML,DATASOURCE_STORAGE,CSS,SQLite Database,Images,Markdown" collectionTime="1483471088987" />
      <project id="01 - fields" values="Native,IPNB,Python,XML,UNKNOWN,PLAIN_TEXT" collectionTime="1460743096696" />
      <project id="l04_basis" values="UNKNOWN,XML,Images,IPNB,Python,Native,PLAIN_TEXT" collectionTime="1461739129001" />
      <project id="TestPyQuery" values="XML,UNKNOWN,Python,PLAIN_TEXT" collectionTime="1460816396106" />
      <project id="Coding the matrix" values="Python,UNKNOWN,PLAIN_TEXT,Images,Native,IPNB" collectionTime="1463295330788" />
    </group>
    <group name="jdbc-datasource">
      <project id="news_portal" values="SQLite/3.8.11" collectionTime="1483471089866" />
      <project id="jirautils" values="SQLite/3.8.11" collectionTime="1463675897762" />
    </group>
    <group name="py-packages">
      <project id="news_portal" values="django-debug-toolbar,django-crispy-forms,gunicorn,django-widget-tweaks,Django,adjacent" collectionTime="1483471089395" />
      <project id="jirautils" values="gunicorn,jira,stashy,Django" collectionTime="1463675897760" />
    </group>
    <group name="jdbc-driver">
      <project id="news_portal" values="org.sqlite.JDBC" collectionTime="1483471089866" />
      <project id="jirautils" values="org.sqlite.JDBC" collectionTime="1463675897762" />
    </group>
    <group name="py-interpreter">
      <project id="[pluralsight] Python fundamentals" values="Python 3.5.1" collectionTime="1460792463494" />
      <project id="[pluralsight] Python Beyond the Basics" values="Python 3.5.1" collectionTime="1460959213429" />
      <project id="jira-related-trash" values="Python 3.4.4" collectionTime="1463033824846" />
      <project id="jirautils" values="Python 3.4.4" collectionTime="1463675887203" />
      <project id="mat" values="Python 3.4.4" collectionTime="1461130891699" />
      <project id="09-classes" values="Python 2.7.11" collectionTime="1459931540447" />
      <project id="news_portal" values="Python 3.4.4 [condavenv]" collectionTime="1483471089006" />
      <project id="01 - fields" values="Python 3.5.1" collectionTime="1460743096709" />
      <project id="l04_basis" values="Python 3.4.4" collectionTime="1461739129018" />
      <project id="TestPyQuery" values="Python 3.5.1" collectionTime="1460816396119" />
      <project id="Coding the matrix" values="Python 3.4.4" collectionTime="1463295330918" />
    </group>
    <group name="frameworks">
      <project id="news_portal" values="django" collectionTime="1483471088864" />
      <project id="jirautils" values="django" collectionTime="1463675880563" />
    </group>
    <group name="javaScript Scope Usages">
      <project id="[pluralsight] Python fundamentals" values="Project,Project" collectionTime="1460792464045" />
      <project id="[pluralsight] Python Beyond the Basics" values="Project,Project" collectionTime="1460959213432" />
      <project id="jira-related-trash" values="Project,Project" collectionTime="1463033825345" />
      <project id="jirautils" values="Project,Project" collectionTime="1463675897762" />
      <project id="mat" values="Project,Project" collectionTime="1461130891709" />
      <project id="09-classes" values="Project,Project" collectionTime="1459931540473" />
      <project id="news_portal" values="Project,Project" collectionTime="1483471089870" />
      <project id="01 - fields" values="Project,Project" collectionTime="1460743097126" />
      <project id="l04_basis" values="Project,Project" collectionTime="1461739129583" />
      <project id="TestPyQuery" values="Project,Project" collectionTime="1460816396575" />
      <project id="Coding the matrix" values="Project,Project" collectionTime="1463295331949" />
    </group>
    <group name="Git">
      <project id="news_portal" values="config.cherry-pick.autocommit.disabled,config.push.update.all.roots.enabled,config.repo.sync.NOT_DECIDED,config.push.autoupdate.disabled,data.local.branches.count.1,config.warn.about.crlf.enabled,data.remotes.in.project.1,config.force.push.enabled,config.update.type.BRANCH_DEFAULT,data.remote.branches.count.1,config.save.policy.STASH,config.ssh.enabled,config.warn.about.detached.enabled" collectionTime="1483471089400" />
    </group>
  </component>
  <component name="UsageTrigger">
    <counts>
      <entry feature="CreateFile.CreateFileAction" count="3" />
      <entry feature="NewDirectoryProjectAction.Django" count="1" />
      <entry feature="NewDirectoryProjectAction.Pure Python" count="2" />
      <entry feature="execute.Python.DjangoServer.Debug" count="1" />
      <entry feature="execute.Python.DjangoServer.Run" count="82" />
      <entry feature="execute.PythonConfigurationType.Debug" count="6" />
      <entry feature="execute.PythonConfigurationType.Run" count="1" />
      <entry feature="ide.help.ideaInterface.editor" count="1" />
      <entry feature="ide.help.procedures.navigating.goto.action" count="1" />
      <entry feature="ide.help.refactoring.renameDialogs" count="1" />
      <entry feature="ide.settings.Appearance" count="4" />
      <entry feature="ide.settings.Code_Folding" count="1" />
      <entry feature="ide.settings.Console" count="1" />
      <entry feature="ide.settings.Django_Console" count="6" />
      <entry feature="ide.settings.Edit_Macros" count="1" />
      <entry feature="ide.settings.External_Tools" count="2" />
      <entry feature="ide.settings.GitHub" count="1" />
      <entry feature="ide.settings.Keymap" count="7" />
      <entry feature="ide.settings.Plugins" count="1" />
      <entry feature="ide.settings.Project_Interpreter" count="15" />
      <entry feature="ide.settings.Project_Structure" count="2" />
      <entry feature="ide.settings.Python_Console" count="11" />
      <entry feature="ide.settings.Python_Integrated_Tools" count="13" />
      <entry feature="ide.settings.Version_Control" count="2" />
      <entry feature="idea.caches.invalidated" count="7" />
      <entry feature="ideaapp.started" count="51" />
      <entry feature="python.console.local" count="1" />
      <entry feature="terminal.win" count="1" />
      <entry feature="welcome.screen.WelcomeScreen.Configure" count="4" />
      <entry feature="welcome.screen.WelcomeScreen.OpenDirectoryProject" count="13" />
      <entry feature="welcome.screen.WelcomeScreen.Settings" count="3" />
      <entry feature="welcome.screen.null" count="9" />
    </counts>
  </component>
</application>