<application>
  <component name="FileBasedIndex">
    <option name="registeredIndices">
      <list>
        <option value="Scss.mixin" />
        <option value="Scss.function" />
        <option value="Scss.placeholder.selector" />
        <option value="Scss.variable" />
        <option value="Less.variables" />
        <option value="Less.mixins" />
        <option value="JS.subclass.stub.index" />
        <option value="js.namespace.index" />
        <option value="js.class.index2" />
        <option value="JS.base.types.index" />
        <option value="js.generics.index" />
        <option value="js.typedef.index2" />
        <option value="js.symbol.index2" />
        <option value="JS.class.implements" />
        <option value="JS.class.super" />
        <option value="js.element.qualifiedName" />
        <option value="js.qualified.shortName" />
        <option value="Css.attr" />
        <option value="Css.id" />
        <option value="Css.class" />
        <option value="ini.property.key" />
        <option value="puppet.text.search.index" />
        <option value="puppet.resource" />
        <option value="puppet.class" />
        <option value="puppet.symbol" />
        <option value="sql.names" />
        <option value="sql.column.name" />
        <option value="sql.table.shortName" />
        <option value="Django.manager" />
        <option value="Django.foreignKey" />
        <option value="Py.class.attributes" />
        <option value="Python.Decorator" />
        <option value="Py.instanceAttribute.name" />
        <option value="Py.variable.shortName" />
        <option value="Py.class.super" />
        <option value="Py.function.shortName" />
        <option value="Py.class.shortNameInsensitive" />
        <option value="Py.class.shortName" />
        <option value="dom.elementClass" />
        <option value="dom.namespaceKey" />
        <option value="angularjs.symbol.index" />
        <option value="angularjs.delimiter.index" />
        <option value="angularjs.directives.doc.index" />
        <option value="angularjs.filter.index" />
        <option value="angularjs.module.index" />
        <option value="angularjs.controller.index" />
        <option value="angularjs.directives.index" />
        <option value="js.symbol.qualified.names.index" />
        <option value="Stylus.mixins" />
        <option value="Stylus.variables" />
      </list>
    </option>
  </component>
</application>