<application>
  <component name="UpdatesConfigurable">
    <knownUpdateChannels>
      <item value="pycharm10" />
      <item value="pycharm2" />
      <item value="pycharm3.0" />
      <item value="pycharm3.1" />
      <item value="pycharm3.4" />
      <item value="pycharm4" />
      <item value="pycharm40" />
      <item value="pycharm5" />
      <item value="pycharm2016.1" />
      <item value="pycharm2016.1EAP" />
      <item value="pycharm2016.2EAP" />
    </knownUpdateChannels>
    <ignoredBuildNumbers>
      <item value="143.1919" />
    </ignoredBuildNumbers>
    <option name="LAST_TIME_CHECKED" value="1465408606553" />
    <option name="LAST_BUILD_CHECKED" value="PY-143.595" />
  </component>
</application>